RK,TEAM,CONF,G,REC,ADJOE,ADJDE,BARTHAG,EFG%,EFGD%,TOR,TORD,ORB,DRB,FTR,FTRD,2P%,2P%D,3P%,3P%D,ADJ T.,WAB
1,Kansas,B12,30,28-3,116.1,87.7,0.9616,53.7,43.7,18.7,18.6,32.6,26.4,35.8,23.2,54.9,42.4,34.1,30.5,67.4,10.8
,,,,17–1,7,2,1,24,4,163,178,41,106,89,12,14,3,124,42,226,1
2,Baylor,B12,30,26-4,114.5,88.4,0.9514,49.4,45.2,17.8,22.7,35.8,29.8,30.8,30.8,47.5,44.4,35.1,31.1,66.2,8.5
,,,,15–3,13,3,2,185,15,89,22,8,260,225,141,256,19,79,61,273,2
3,Gonzaga,WCC,33,31-2,121.3,94.3,0.9473,57.5,47.6,15.3,18.4,33.6,22.7,38.8,21.8,57.4,47.4,38.6,32,72,7.7
,,,,15–1,1,41,3,3,86,11,195,30,14,41,6,2,88,7,106,33,3
4,Dayton,A10,31,29-2,119.5,93.4,0.9445,59.7,46.6,18,18.8,26.4,26.6,33.9,30.9,62.3,45.1,37.1,33,67.5,6.8
,,,,18–0,3,29,4,1,52,109,164,225,116,141,144,1,32,26,163,219,6
5,Michigan St.,B10,31,22-9,114.8,91.3,0.9327,52.6,43.3,18.1,15.8,32.8,26,30.8,29.3,52.9,43.4,34.8,28.7,69.3,5.2
,,,,14–6,11,11,5,46,3,115,328,36,89,225,99,45,10,93,9,117,10
6,Duke,ACC,31,25-6,115.3,91.9,0.9311,52.6,45.7,17.8,20.2,34.8,28,35.6,30.9,52.5,46,35.2,29.9,71.7,5.1
,,,,15–5,9,17,6,46,23,89,91,17,177,98,144,55,51,68,23,39,11
7,Creighton,BE,30,24-7,120.6,96.4,0.9289,55.2,48.4,15.9,17.6,23.9,30.2,28.8,23.4,53,48.9,38.7,31.8,68.3,6.1
,,,,13–5,2,67,7,6,120,23,246,294,279,273,13,39,157,6,96,170,9
8,Ohio St.,B10,31,21-10,114.5,92.6,0.9197,52.3,46.2,19.1,18.3,31.1,25.5,36.7,29.3,49.7,44.2,37.3,32.7,66.2,3.8
,,,,11–9,12,22,8,54,36,197,200,74,70,73,99,156,16,21,147,278,20
9,San Diego St.,MWC,31,30-2,113.8,92.8,0.9121,54.6,45.2,16.2,21.3,28.2,25.4,28.3,30.6,53,45.3,37.9,30.1,64.7,6.7
,,,,17–1,17,25,9,13,15,30,48,161,64,284,137,39,36,11,32,330,8
10,Louisville,ACC,31,24-7,115.1,94,0.912,52.5,45.1,18,17.4,32,25,32.2,29,50.1,45.1,37.6,30.1,66.9,4.3
,,,,15–5,10,37,10,51,13,109,264,52,49,191,90,138,32,15,32,244,17
11,Villanova,BE,31,24-7,114,93.7,0.9047,52.6,48.2,16,16.9,25.7,24.5,26.9,23.6,51.5,47.9,35.9,32.5,66.2,6.8
,,,,13–5,15,34,11,46,112,26,288,247,41,306,15,89,109,46,134,275,7
12,Arizona,P12,32,21-11,110.9,91.2,0.9041,50.7,45.3,16.7,20.6,30.7,25.9,36.7,35.2,49.6,44.4,35.2,31.2,69.3,0.8
,,,,10–8,40,9,12,121,18,47,69,84,81,73,242,160,19,68,66,119,43
13,Houston,Amer,31,23-8,112,92.2,0.904,48,43.9,17.8,18.2,38.7,25.3,32.9,41.6,46.6,44.5,33.7,28.6,65.7,2.7
,,,,13–5,29,20,13,244,5,89,206,2,59,169,323,289,22,145,7,296,28
14,Michigan,B10,31,19-12,113,93.1,0.9026,52.8,46.9,15.3,16.1,25,25.5,26.7,26.4,54.1,46.3,33.9,32.3,68.6,2.8
,,,,10–10,21,26,14,39,58,11,319,272,70,313,41,24,59,140,123,158,26
15,Penn St.,B10,31,21-10,111.4,91.9,0.902,49.5,46.4,15.8,18.6,29.2,27.6,31,31.8,50,45.2,32.5,32.5,70.9,3.4
,,,,11–9,34,15,15,178,41,21,178,131,152,219,170,144,34,205,134,54,21
16,West Virginia,B12,31,21-10,107.4,88.6,0.9014,46.5,44.6,20.7,22.4,40.1,27.6,40.5,37.1,48,45.4,28.6,28.8,69.3,3.4
,,,,9–9,77,4,16,305,8,294,27,1,152,22,280,237,37,338,11,118,22
17,BYU,WCC,31,24-8,115.9,96,0.8972,58.1,49,15.5,18.2,20.6,24.1,23.4,27.9,54.8,50.8,41.9,30.3,69.4,2.8
,,,,13–3,8,61,17,2,143,15,206,343,32,343,65,15,235,1,37,104,27
18,Oregon,P12,31,24-7,117.5,97.4,0.8966,54.3,47.3,17.5,19.8,32.7,31.1,28.9,29.5,51.4,46.2,39.6,32.6,65.2,4.8
,,,,13–5,5,80,18,20,77,78,109,39,306,270,106,93,55,2,141,313,13
19,Wisconsin,B10,31,21-10,110.9,92,0.8951,50.3,46.4,15.4,16.9,24.1,25.9,26.9,25.3,48.3,44.9,35.2,33.1,63.5,4.2
,,,,14–6,39,18,19,137,41,13,288,291,81,306,28,220,26,68,170,342,18
20,Florida St.,ACC,31,26-5,111.2,92.5,0.8921,51.9,47,18.9,23.7,33.5,30.2,30.1,34.4,51.5,46.6,35.1,31.7,69.9,6.9
,,,,16–4,36,21,20,67,64,181,9,31,279,242,227,89,69,79,90,86,4
21,Seton Hall,BE,30,21-9,112.2,93.4,0.8915,51.4,45.7,18.6,19.5,29.1,30.4,34.8,32.4,52.3,44.4,33.5,32,69.8,4.7
,,,,13–5,28,31,21,91,23,156,127,136,285,117,188,60,19,161,106,89,14
22,Texas Tech,B12,31,18-13,109.9,91.7,0.8892,51.8,46.3,19.7,23.1,27.9,29.2,34.5,35.4,50.9,46.2,35.6,31,67.2,-0.4
,,,,9–9,45,13,22,69,37,232,16,171,232,126,250,111,55,54,58,233,55
23,Purdue,B10,31,16-15,109.6,91.6,0.8869,47.8,47.1,17.4,20.4,34.9,27.2,25.8,31.9,46.7,48.1,33,30.5,64.3,-0.6
,,,,9–11,47,12,23,257,69,73,80,16,141,322,175,284,127,185,42,335,58
24,Butler,BE,31,22-9,112.7,94.6,0.8818,52.3,45.8,17.3,17.9,29.4,25.4,29.4,30.9,52.9,43.5,34.1,33,63.7,4.5
,,,,10–8,25,46,24,54,27,67,225,124,64,254,144,45,12,124,163,340,16
25,Providence,BE,31,19-12,109.3,91.8,0.8813,47.3,47.4,19.3,21.4,33.7,28.4,35.9,37.4,45.9,47.9,33.2,31.1,68.6,0.3
,,,,12–6,49,14,25,276,80,212,43,29,190,85,284,308,109,182,61,157,46
RK,TEAM,CONF,G,REC,ADJOE,ADJDE,BARTHAG,EFG%,EFGD%,TOR,TORD,ORB,DRB,FTR,FTRD,2P%,2P%D,3P%,3P%D,ADJ T.,WAB
26,Maryland,B10,31,24-7,112.7,94.7,0.88,48.6,46.1,16.7,17.3,31.5,26.6,37.7,24.2,50.1,44.5,31.1,32.5,67.1,6.8
,,,,14–6,24,50,26,217,32,47,268,65,116,54,22,138,22,285,134,238,5
27,Minnesota,B10,31,15-16,111.9,94.4,0.8763,49.4,45.6,16.7,15.8,31.3,27.9,27.5,28,48.6,45.4,33.7,30.7,66.8,-1.5
,,,,8–12,30,43,27,185,20,47,328,68,170,296,66,205,37,145,49,254,67
28,Kentucky,SEC,31,25-6,112.8,95.2,0.8755,50.7,45.3,18.1,17.3,30.9,28.5,40.7,32.1,50.4,44.9,34.3,30.7,67.6,5.1
,,,,15–3,23,55,28,121,18,115,268,78,195,20,181,125,26,114,49,216,12
29,Illinois,B10,30,21-10,110.9,93.8,0.8723,48.3,47,17.9,16.6,35.6,25.7,32.2,23.9,49.6,45.8,30.3,33,66.3,3
,,,,13–7,38,36,29,234,64,98,302,9,78,191,19,160,46,310,163,272,24
30,Rutgers,B10,30,20-11,107.5,91,0.8712,48.9,45.1,17.9,18.9,32,25.4,29.1,27.5,50.1,43.8,30.8,31.2,67.3,1.6
,,,,11–9,76,8,30,204,13,98,157,52,64,264,59,138,13,296,66,227,34
31,Iowa,B10,31,20-11,117.2,99.7,0.8653,51.6,49.4,17.1,17.6,32,29.5,34.4,26.8,51.3,50.3,34.7,32.1,70.1,3.3
,,,,11–9,6,122,31,79,166,60,246,52,249,128,49,101,210,99,109,79,23
32,Florida,SEC,31,19-12,112.6,95.9,0.864,52.1,47.9,17.8,19.2,31.1,27.4,34,33.7,52.2,47.4,34.7,32.6,64.9,0.2
,,,,11–7,26,60,32,63,98,89,144,74,146,139,215,62,88,99,141,320,49
33,Marquette,BE,30,18-12,114,97.4,0.8585,51.6,46.8,18.9,15.1,30,26,39.2,34.9,46.9,46,38.2,32.2,70.8,1.2
,,,,8–10,16,82,33,79,57,181,342,109,89,36,238,273,51,10,116,56,37
34,Virginia,ACC,30,23-7,100,85.6,0.8561,46.9,43.1,20.1,19.3,26.4,23.2,26.6,21.6,47.8,42.5,30.3,29.3,59.4,3.8
,,,,15–5,215,1,34,291,2,255,139,225,18,314,5,247,6,310,16,353,19
35,Wichita St.,Amer,31,23-8,105.2,90.2,0.855,47.1,44.4,17.9,20.1,31.7,24.1,33.7,38.4,45.8,43.9,32.8,30.2,69.4,1.9
,,,,11–7,117,6,35,284,7,98,95,62,32,144,297,316,14,195,36,103,31
36,Indiana,B10,32,20-12,108.1,93.3,0.8443,49.3,47.9,18.3,17.8,32.4,24.5,39.2,32.6,49.5,47.6,32.6,32.2,67.9,1.8
,,,,9–11,68,27,36,190,98,133,231,43,41,36,194,168,95,200,116,203,32
37,Oklahoma,B12,31,19-12,108.2,93.4,0.8441,48.2,46.7,16,16.7,23.4,27.4,31.3,19.7,48.6,44.2,31.8,33.6,69.7,2.1
,,,,9–9,65,30,37,236,54,26,298,303,146,211,1,205,16,244,199,96,30
38,Utah St.,MWC,32,26-8,109.3,94.4,0.8435,51.8,46.4,18.2,17.5,30.7,22.4,36.3,26.8,53.3,44.9,32.9,32.3,67.5,1.2
,,,,12–6,48,45,38,69,41,126,260,84,11,77,49,35,26,190,123,222,36
39,Auburn,SEC,31,25-6,111.1,96.1,0.8416,50,47.1,17.9,18.7,35.3,27.4,43.8,33.9,53.3,46.2,30.6,32.5,69.3,4.6
,,,,12–6,37,63,39,151,69,98,168,12,146,4,219,35,55,299,134,121,15
40,Xavier,BE,32,19-13,106.4,92.2,0.8392,49,46.4,19.8,18.6,32.2,27.6,30.9,28.9,50.2,46.7,31.2,30.5,68.1,0.3
,,,,8–10,99,19,40,200,41,240,178,46,152,222,89,137,71,280,42,188,47
41,Saint Mary's,WCC,33,25-8,114,98.8,0.8384,54.2,50.8,14.9,17.7,25.1,23.6,30.8,28,51.9,50.7,38.8,34,63.8,2.8
,,,,11–5,14,108,41,21,239,6,238,266,21,225,66,77,232,4,224,339,25
42,Colorado,P12,32,21-11,108.9,94.4,0.8379,50.5,46.9,19.2,19.4,30.3,23.9,36.2,26.1,49.1,44.8,35.1,34.2,68.1,0.7
,,,,10–8,52,44,42,127,58,205,131,100,27,81,37,188,25,79,233,190,44
43,LSU,SEC,31,21-10,118.3,102.5,0.8379,52.7,49.4,17.6,16.6,35.1,28.5,35.4,26.4,54.7,47.8,32.7,34.5,69.9,0.9
,,,,12–6,4,185,43,42,166,81,302,15,195,102,41,16,105,198,250,87,42
44,Syracuse,ACC,32,18-14,113.5,98.6,0.8345,50.5,48.3,16.5,20.3,29.6,32.2,35.7,30.2,51.4,48.3,32.9,32.2,68,-2.7
,,,,10–10,19,99,44,127,114,40,84,118,330,93,128,93,137,190,116,192,86
45,Stanford,P12,32,20-12,104.2,90.7,0.8316,53.5,45.6,20.7,22.5,22.1,27.8,31,31.8,52.1,46.3,37.3,29.6,68.1,-1.5
,,,,9–9,141,7,45,26,20,294,25,328,163,219,170,68,59,21,17,187,66
46,North Carolina St.,ACC,32,20-12,110.6,96.5,0.827,50.8,47.8,16.9,20.1,28.8,30.9,28.5,35.4,52.6,48,31.8,31.6,69.5,-0.5
,,,,10–10,41,70,46,117,93,51,95,146,300,281,250,52,118,244,83,101,57
47,Richmond,A10,31,24-7,108.5,94.9,0.8247,53.5,47.7,15.6,19.9,22.6,26.3,27.8,30.2,53,49.1,36.2,30.5,69,1.2
,,,,14–4,61,52,47,26,90,17,105,321,98,292,128,39,162,41,42,136,38
48,Cincinnati,Amer,30,20-10,108.5,94.9,0.8226,50.3,45.7,20.2,19.7,32,28.6,39.6,29.2,51.7,43.1,31.9,33.7,68.1,0.2
,,,,13–5,63,53,48,137,23,259,113,52,200,33,94,85,7,238,206,185,48
49,Mississippi St.,SEC,31,20-11,113.6,99.8,0.8159,51.5,48.1,20.6,17.1,37,28.3,39.5,31.6,51.9,48.8,33.6,31.2,66.1,-0.5
,,,,11–7,18,124,49,87,106,286,280,4,188,35,165,77,151,155,66,282,56
50,Saint Louis,A10,30,23-8,106.6,93.8,0.8123,50.1,46.1,18.8,19.6,34.2,25.2,39.8,36.6,49.7,44.5,34.2,32.4,67.5,0
,,,,12–6,97,35,50,147,32,168,119,22,56,29,269,156,22,118,128,221,50
RK,TEAM,CONF,G,REC,ADJOE,ADJDE,BARTHAG,EFG%,EFGD%,TOR,TORD,ORB,DRB,FTR,FTRD,2P%,2P%D,3P%,3P%D,ADJ T.,WAB
51,Georgia Tech,ACC,30,17-14,103.6,91.3,0.8103,49.8,44.6,22.9,19.3,29.2,28.9,34.8,35.7,51.2,45.7,31,28.3,69.9,-1.9
,,,,11–9,152,10,51,158,8,344,139,131,216,117,254,105,44,287,5,85,71
52,Arkansas,SEC,32,20-12,108.9,96.1,0.8083,50.9,47.3,15.9,22.1,21.5,31.4,42.5,40.9,51.5,50.5,33.4,27.2,71,-1.3
,,,,7–11,54,64,52,111,77,23,35,332,312,5,320,89,220,168,1,49,64
53,Oklahoma St.,B12,32,18-14,107.2,94.7,0.8065,47.8,46.7,19.4,20.6,29.5,29,35.2,33.1,48,48.3,31.5,29.9,68.3,0
,,,,7–11,80,48,53,257,54,218,69,122,222,106,205,237,137,264,23,174,52
54,Washington,P12,32,15-17,105.5,93.3,0.8048,50.4,44.1,21.3,19.3,27.4,31.8,37.9,31.4,51.4,42.4,32.5,31.2,69.6,-5
,,,,5–13,113,28,54,134,6,313,139,192,321,52,159,93,3,205,66,98,124
55,Notre Dame,ACC,32,20-12,111.2,98.5,0.8007,50.4,47.5,14.2,16.8,26.9,28.1,25,19.7,49.4,45.8,34.5,33.7,68.1,-1.1
,,,,10–10,35,97,55,134,84,3,293,206,179,334,1,175,46,107,206,189,63
56,Connecticut,Amer,31,19-12,108.6,96.3,0.7999,47.8,46.4,19.9,21.9,34.1,29.4,34.6,34.6,47.4,45,32.4,33,68.3,-2.2
,,,,10–8,59,65,56,257,41,248,37,23,243,125,233,258,30,210,163,169,76
57,USC,P12,31,22-9,103.6,91.9,0.7991,49.5,44.6,20.4,18.1,30.6,27.9,35.4,28,48.1,43.1,35,31.3,69.1,1.8
,,,,11–7,150,16,57,178,8,272,216,89,170,102,66,229,7,86,73,131,33
58,St. John's,BE,32,17-15,106.7,94.7,0.7987,45.9,48.2,15.1,22.7,30,31.4,30,36.2,44.9,48.7,32.1,31.7,73,-2.5
,,,,5–13,88,49,58,324,112,7,22,109,312,245,264,332,147,229,90,18,80
59,Arizona St.,P12,31,20-11,106.1,94.4,0.7938,48.8,49.1,17.9,22.3,26.5,28.6,32.4,34.2,49,48.8,32.3,33.1,73,0.9
,,,,11–7,103,42,59,208,145,98,31,221,200,183,223,193,151,217,170,16,40
60,Alabama,SEC,31,16-15,111.4,99.2,0.7925,52.2,47.9,19.1,18.1,29.7,31,36.9,35.8,52.1,48.4,34.9,31.2,74.7,-3.8
,,,,8–10,33,114,60,60,98,197,216,116,302,68,256,68,139,88,66,4,102
61,Tennessee,SEC,31,17-14,107.3,95.5,0.7913,48.8,45.9,20.5,19.6,30.5,30.1,37.3,35.3,49.9,44,31.3,33.1,65.1,-2.1
,,,,9–9,79,57,61,208,29,278,119,92,273,62,246,147,15,274,170,315,74
62,South Carolina,SEC,31,18-13,105.5,94,0.7912,48.6,45.2,18.1,21.4,32.1,28.6,36.8,53,49.5,45.7,31,29.6,72.9,-2.5
,,,,10–8,114,38,62,217,15,115,43,50,200,70,353,168,44,287,17,23,79
63,Memphis,Amer,31,21-10,100.1,89.2,0.7903,49.7,41.2,22.3,20.2,30,29.4,39.9,35,50,40.7,32.9,28,73,0
,,,,10–8,213,5,63,164,1,338,91,109,243,27,239,144,1,190,3,19,51
64,Northern Iowa,MVC,29,25-6,111.9,99.8,0.7874,54.8,48.5,18.6,15.6,28.9,22.5,27.6,25.8,52.6,47.2,38.6,33.7,65.7,0.9
,,,,14–4,31,126,64,9,122,156,336,141,12,294,32,52,82,7,206,297,41
65,Rhode Island,A10,30,21-9,105,94.1,0.7798,46.9,47.4,16.4,20.9,30.4,28.6,37.1,28.5,46.7,49.1,31.5,29.7,71.2,0.5
,,,,13–5,121,40,65,291,80,35,56,97,200,67,79,284,162,264,21,46,45
66,San Francisco,WCC,33,22-12,108.1,97,0.7779,51.3,50.2,17.3,18.5,29,24.1,29.4,31.9,52.2,47.7,33.5,37.6,68.8,-2.4
,,,,9–7,67,74,66,95,219,67,187,138,32,254,175,62,97,161,336,143,77
67,VCU,A10,31,18-13,104.9,94.1,0.7773,49.7,48.1,17.8,24.5,27.5,30.1,33,35.9,48.4,46.8,34.6,33.7,69.2,-3.6
,,,,8–10,125,39,67,164,106,89,6,188,273,166,258,212,74,102,206,125,97
68,Texas,B12,31,19-12,103.3,92.7,0.7762,49.9,46.9,20.5,20.8,26.7,32.2,22,35.3,49.7,46.3,33.5,32.2,65.9,1
,,,,9–9,161,24,68,155,58,278,59,213,330,350,246,156,59,161,116,290,39
69,North Texas,CUSA,29,20-11,111.6,100.3,0.7726,55.3,49.8,20.6,20.7,29.3,27.7,29.4,38.8,54.6,47.8,37.5,35.5,63,-3.5
,,,,14–4,32,141,69,5,192,286,64,129,158,254,298,18,105,16,290,349,96
70,Davidson,A10,30,16-14,113.1,101.7,0.7725,53.4,49.4,16.5,17.2,24.6,24.8,31.5,32.7,52,49.1,36.8,33.2,64.6,-5
,,,,10–8,20,168,70,31,166,40,275,281,46,207,196,73,162,32,177,331,123
71,UCLA,P12,30,19-12,109.6,98.6,0.7712,48.4,50.9,19.5,19.4,34.5,25.4,37.6,35.2,48.4,46.9,32.2,38.3,64.9,-1
,,,,12–6,46,100,71,227,244,223,131,20,64,55,242,212,77,223,346,322,62
72,Clemson,ACC,31,16-15,103.8,93.5,0.7703,50.1,48.3,18.5,20,23.3,24.5,28.9,28.7,52.6,47.9,31.5,32.6,66,-3.3
,,,,9–11,146,32,72,147,114,146,98,306,41,270,85,52,109,264,141,286,93
73,Louisiana Tech,CUSA,28,22-8,108.5,97.7,0.7701,53.3,47.2,18.5,20.7,30.2,26.8,29.3,32.6,53.3,47.4,35.5,31.3,66.4,-1.7
,,,,13–5,60,84,73,32,71,146,64,102,128,259,194,35,88,56,73,264,69
74,Yale,Ivy,28,23-7,107.8,97.8,0.7549,53.8,46.5,18.5,16.6,25.8,21.3,31.2,25.7,52.7,46.9,36.9,30.6,67.3,-0.3
,,,,11–3,70,85,74,23,49,146,302,242,3,215,30,50,77,29,46,229,53
75,Tulsa,Amer,31,21-10,102.2,92.7,0.7541,49.6,46.7,19.7,21.5,26.3,28,39.8,28.3,50.3,48.2,32.2,29.9,65.8,-1
,,,,13–5,179,23,75,173,54,232,42,229,177,29,76,130,133,223,23,295,60
RK,TEAM,CONF,G,REC,ADJOE,ADJDE,BARTHAG,EFG%,EFGD%,TOR,TORD,ORB,DRB,FTR,FTRD,2P%,2P%D,3P%,3P%D,ADJ T.,WAB
76,Georgetown,BE,32,15-17,110.2,100.1,0.7506,49.1,50.8,18.9,18.8,32.5,28.7,33.9,26.6,47.8,48.1,34.6,36.4,70.1,-2.7
,,,,5–13,43,137,76,195,239,181,164,42,208,141,46,247,127,102,313,77,84
77,East Tennessee St.,SC,31,30-4,107.1,97.3,0.7504,53.5,49.8,18.2,22.4,31.8,26.2,36.9,33.1,55.2,51.1,33.9,31.7,66,2.5
,,,,16–2,82,78,77,26,192,126,27,59,95,68,205,10,247,140,90,285,29
78,North Carolina,ACC,33,14-19,108.2,98.3,0.7497,46.4,49.1,18.1,16,35.3,24.2,33.5,29.2,46.8,48.2,30.4,33.6,70.3,-5
,,,,6–14,66,96,78,310,145,115,321,12,36,152,94,279,133,304,199,69,122
79,Liberty,ASun,32,30-4,105.6,96,0.7494,54.4,45.6,15.2,19.4,23.9,21.3,32,28.6,55.7,45.9,35,30,61.3,-0.3
,,,,13–3,112,62,79,18,20,10,131,294,3,199,83,6,48,86,28,352,54
80,Nevada,MWC,31,19-12,110.1,100.2,0.7476,52.9,47,16.7,15.2,25.2,24.4,28.3,36.5,49.5,48.8,38.3,29.8,71.1,-3.7
,,,,12–6,44,138,80,36,64,47,340,263,40,284,267,168,151,9,22,47,100
81,Texas St.,SB,30,21-11,106.7,97.3,0.7421,48.9,46.9,16.6,21.2,29.6,29.8,35.2,39,49.4,46.2,31.8,32.1,65.2,-4.8
,,,,13–7,90,77,81,204,58,44,50,118,260,106,302,175,55,244,109,312,118
82,SMU,Amer,30,19-11,113,103.3,0.7375,52.1,49.2,19.8,18.7,34.1,29,31.7,28.2,54.7,47.4,32.3,34.4,64.7,-2.5
,,,,9–9,22,203,82,63,153,240,168,23,222,204,72,16,88,217,244,329,81
83,Akron,MAC,29,24-7,107.9,98.8,0.7342,51.7,45.9,17.9,18.4,27.4,29.2,35.5,29.1,49.6,45.2,36.2,31.5,69.4,-1
,,,,14–4,69,106,83,73,29,98,195,192,232,101,93,160,34,41,79,110,61
84,Oregon St.,P12,31,18-13,110.5,101.4,0.7302,51.6,49.4,17.3,18.6,26.5,29,38.8,30.9,53.2,47.9,32.5,34.7,65.8,-2.9
,,,,7–11,42,158,84,79,166,67,178,221,222,41,144,38,109,205,261,294,88
85,New Mexico St.,WAC,29,25-6,107.7,99,0.7241,52.7,49.6,20.6,20.9,34.5,21.7,31.9,32,53.4,49.7,34.6,32.9,63.5,-1.4
,,,,16–0,72,112,85,42,179,286,56,20,7,202,179,31,187,102,157,343,65
86,Furman,SC,29,25-7,106.6,98,0.7236,54.6,50.7,16.6,23,23.5,28.4,31.6,26.8,57,53.6,34.5,31.2,68.2,-0.7
,,,,15–3,96,89,86,13,235,44,18,300,190,205,49,4,317,107,66,180,59
87,TCU,B12,31,16-16,105.1,96.7,0.7214,49.4,49.3,21.5,21,32.2,29.6,27.1,30.8,46.6,47.6,35.4,35.1,64.9,-3.4
,,,,7–11,119,72,87,185,160,320,53,46,255,304,141,289,95,60,280,324,95
88,Georgia,SEC,31,16-16,108.7,100.1,0.7213,50.9,50.7,20.1,17.9,31.6,30.1,33.6,31.5,54.5,52.1,30.1,32,70.3,-4.2
,,,,5–13,57,135,88,111,235,255,225,63,273,150,163,19,276,319,106,72,109
89,Vermont,AE,32,26-7,105.4,97.1,0.7205,51.7,44.8,17.2,19,27.6,22.7,31.3,31.5,53.4,42.4,33,32.2,66.2,-1.8
,,,,14–2,115,75,89,73,11,62,153,183,14,211,163,31,3,185,116,276,70
90,Iowa St.,B12,32,20-Dec,109.3,100.8,0.7175,49.8,51.8,18.7,20.6,29.2,31.6,28.5,28,51.3,50.5,31.6,35.9,69.8,-5.6
,,,,5–13,50,148,90,158,279,163,69,131,314,281,66,101,220,262,303,93,132
91,Duquesne,A10,30,21-9,107,98.9,0.7117,51.2,48,18.5,20.2,29.5,30.5,32.8,29.2,53.8,49.7,31.8,30.1,67.7,-1.7
,,,,11–7,84,110,91,100,102,146,91,122,290,171,94,28,187,244,32,213,68
92,Kansas St.,B12,32,21-Nov,102.3,94.7,0.7089,47.5,49.6,21.3,24.3,29.6,30.2,34.7,38.8,47.9,49.6,31.3,33,67,-7.3
,,,,3–15,175,47,92,270,179,313,7,118,279,123,298,242,183,274,163,242,169
93,Northern Colorado,BSky,29,22-9,109.3,101.1,0.7085,54.7,48.5,15.4,16.8,25,24,25.3,24.9,53.6,50.2,37.4,28.5,65,-3.7
,,,,15–5,51,152,93,12,122,13,293,272,28,330,26,30,206,18,6,319,99
94,UNC Greensboro,SC,30,23-9,103.2,95.6,0.7075,48.9,50.1,16.5,24.9,33.2,26.8,25,36.8,49.5,48,32.1,35.6,67.5,-2.5
,,,,13–5,163,58,94,204,208,40,4,32,128,334,274,168,118,229,293,220,82
95,Loyola Chicago,MVC,31,21-11,103.8,96.3,0.7035,54.9,52.2,19.4,23.6,21.3,23.6,38.9,23.5,55.3,49.8,36,36.9,65.3,-4.2
,,,,13–5,147,66,95,7,288,218,11,336,21,40,14,9,192,44,323,311,110
96,DePaul,BE,31,16-16,102.6,95.3,0.7012,47.9,48.8,20.4,22.2,31.3,30.2,33.3,35.4,48.4,47.9,31.1,33.4,70.4,-2.6
,,,,3–15,171,56,96,251,137,272,34,68,279,158,250,212,109,285,188,64,83
97,UNLV,MWC,32,17-15,107.5,100.1,0.6952,49.7,49.2,19.3,17.4,34,24,34.1,40.6,50.9,48.5,31.9,33.5,66.8,-5.9
,,,,12–6,75,134,97,164,153,212,264,26,28,135,315,111,142,238,195,251,141
98,Boise St.,MWC,31,20-12,105.9,98.6,0.6937,51.1,51.1,17.8,19.2,25.5,22.6,36,29.8,51.6,54.9,33.6,30.1,69.1,-2.4
,,,,11–7,107,103,98,103,255,89,144,254,13,83,116,86,336,155,32,129,78
99,Belmont,OVC,32,26-7,106.9,99.5,0.6936,54.8,47.8,16,19.5,24.7,26.7,22.9,24.3,56.8,46.7,34.8,33.2,70.5,-2.2
,,,,15–3,86,120,99,9,93,26,127,280,122,345,23,5,71,93,177,63,75
100,Missouri,SEC,31,15-16,103.5,96.4,0.6922,47,46.3,20.8,20.8,31.4,27.7,35.7,47.8,48.7,48.2,29.7,28.8,66.5,-4.6
,,,,7–11,156,68,100,287,37,300,59,67,158,93,346,203,133,325,11,262,114
RK,TEAM,CONF,G,REC,ADJOE,ADJDE,BARTHAG,EFG%,EFGD%,TOR,TORD,ORB,DRB,FTR,FTRD,2P%,2P%D,3P%,3P%D,ADJ T.,WAB
101,Wake Forest,ACC,31,13-18,108.8,101.6,0.6875,49,49.7,19.7,15.2,28.6,26,41,35.2,47.3,49.5,35.1,33.3,70,-6
,,,,6–14,55,166,101,200,185,232,340,152,89,15,242,261,179,79,182,82,144
102,Miami FL,ACC,31,15-16,107.2,100.2,0.6849,48.8,50.2,17.2,17.6,26,31.9,28.1,22.9,49.5,49.8,31.7,33.9,68.2,-3.3
,,,,7–13,81,139,102,208,219,62,246,234,324,288,10,168,192,254,220,183,94
103,Mississippi,SEC,32,15-17,102.9,96.5,0.678,48.6,47.7,18.9,19.6,26.4,27.8,36.8,40.7,48.9,49.7,31.9,29.2,67.9,-5.5
,,,,6–12,167,69,103,217,90,181,119,225,163,70,317,199,187,238,14,201,129
104,Stephen F. Austin,Slnd,28,28-3,103.4,96.9,0.6778,53.3,49.6,23.6,27.8,37.3,26.8,44,44.6,52.3,48.4,37.4,34.4,71.9,1.4
,,,,19–1,159,73,104,32,179,349,1,3,128,3,338,60,139,18,244,34,35
105,UCF,Amer,30,16-14,104.2,98.2,0.6661,49.4,47.8,19.9,20.6,28.8,30.5,30.9,29.4,49.9,48,32.3,31.7,67.8,-5.3
,,,,7–11,140,92,105,185,93,248,69,146,290,222,105,147,118,217,90,209,127
106,Hofstra,CAA,33,26-8,108.9,102.5,0.6657,51.7,50.3,16.5,19.8,29.8,29.5,34.3,20.2,49,52.8,37.4,30.7,68,-2.7
,,,,14–4,53,186,106,73,222,40,109,114,249,130,3,193,299,18,49,193,85
107,Ball St.,MAC,30,18-13,99.5,93.7,0.665,50.5,45.7,19.5,19.6,25.4,25.1,30.9,28.5,50.6,45,33.5,31.4,67.8,-7.3
,,,,11–7,227,33,107,127,23,223,119,258,52,222,79,119,30,161,77,208,171
108,Bradley,MVC,33,23-11,106.6,100.5,0.6636,49.5,46.4,17.2,17.9,31.5,25.9,32.3,31.2,46.6,45.6,37.1,31.7,66.9,-4.1
,,,,11–7,94,144,108,178,41,62,225,65,81,186,156,289,43,26,90,248,106
109,South Florida,Amer,31,14-17,100.6,95,0.6592,46.6,51,22.2,23.3,32.4,25.2,37.5,34.5,46.7,51.6,30.9,33.4,64.9,-7.3
,,,,7–11,209,54,109,303,249,334,13,43,56,57,231,284,263,291,188,323,170
110,Indiana St.,MVC,29,18-12,105.8,100,0.6584,51.7,50.6,16.9,19.1,23.6,25.7,32.3,33.5,49.3,52.3,37.5,31.8,66.4,-4.2
,,,,11–7,109,130,110,73,233,51,148,298,78,186,212,182,284,16,96,267,108
111,Utah,P12,31,16-15,106.1,100.3,0.6569,51.3,50.3,19.7,17.7,29,26.9,35.8,23,52,48.9,33.4,35.2,66.8,-3.1
,,,,7–11,104,140,111,95,222,232,238,138,133,89,11,73,157,168,283,255,90
112,Harvard,Ivy,28,21-8,104.5,98.8,0.6555,51.2,47.3,19.7,17.6,30,25,32.6,31.4,52.4,45.5,32.8,33.7,68.8,-2
,,,,10–4,133,109,112,100,77,232,246,109,49,174,159,56,42,195,206,141,72
113,Colorado St.,MWC,31,20-12,108.7,103,0.6495,53.9,51.6,18.6,17.6,26.3,23.8,39.2,24.1,53,51.5,36.9,34.4,69.3,-3.3
,,,,11–7,58,198,113,22,270,156,246,229,24,36,21,39,259,29,244,115,92
114,UC Irvine,BW,30,21-11,104.9,99.4,0.6484,51.6,44.9,20.2,16.4,34.1,25.3,28,36,50.8,40.8,35.6,35.6,67.8,-5.5
,,,,13–3,124,118,114,79,12,259,309,23,59,290,260,114,2,54,293,206,130
115,Pacific,WCC,31,23-10,103.5,98.2,0.6471,49.5,48.1,18.2,18.1,33,21.3,34,41.6,48.9,46.3,34.1,34.3,64.8,-2.8
,,,,11–5,155,93,115,178,106,126,216,34,3,139,323,199,59,124,239,327,87
116,Northwestern,B10,31,23-Aug,105.4,100,0.647,46.9,49.2,15.6,15.8,22,29.3,25.8,28.6,46.9,47.9,31.2,34,66.5,-9
,,,,3–17,116,129,116,291,153,17,328,329,236,322,83,273,109,280,224,263,198
117,Western Kentucky,CUSA,29,20-10,108.5,103,0.6442,51.2,50.2,17.7,19.3,25.5,31.1,39.6,21,52,53.5,33.3,30,68.3,-3.2
,,,,13–5,62,197,117,100,219,84,139,254,306,33,4,73,316,173,28,176,91
118,Virginia Tech,ACC,32,16-16,103.3,98.1,0.6431,50.3,48.5,14.6,17.6,21,25.5,22.9,26.1,48.1,48.6,35.2,32.2,65.4,-4.1
,,,,7–13,162,91,118,137,122,4,246,339,70,345,37,229,145,68,116,308,107
119,Washington St.,P12,32,16-16,102.2,97.4,0.635,45.8,49.9,17.2,20.9,27.8,26,30.7,32.3,45.5,51.2,30.9,31.5,70.6,-5.7
,,,,6–12,178,81,119,330,200,62,56,179,89,230,187,318,251,291,79,60,138
120,Missouri St.,MVC,33,16-17,104.7,99.8,0.6341,49.8,49.6,19.7,18.2,31.9,22.7,28.7,33.2,48.1,49,35.4,33.8,68,-9
,,,,9–9,129,125,120,158,179,232,206,56,14,276,208,229,160,60,214,197,197
121,Northeastern,CAA,33,17-16,105.9,101.2,0.6267,54.8,51.7,17.9,19.8,24.4,24.2,25.6,30.6,54.3,53.2,37.1,32.9,66,-10.7
,,,,9–9,108,155,121,9,276,98,109,287,36,329,137,21,309,26,157,289,228
122,Wright St.,Horz,30,25-7,105,100.4,0.6247,51,46.5,16.6,18.9,31.9,29.4,37.8,27.1,49.9,47.3,35.5,30,72,-3.6
,,,,15–3,122,142,122,107,49,44,157,56,243,53,54,147,86,56,28,32,98
123,Pittsburgh,ACC,33,16-17,103.2,98.8,0.6228,45.1,49.8,18.4,23.3,32.8,34.5,35.1,26,45.5,49,29.6,33.9,65.3,-4.8
,,,,6–14,164,105,123,342,192,138,13,36,349,109,33,318,160,328,220,310,117
124,St. Bonaventure,A10,30,19-12,106.6,102.2,0.6208,49.1,49.3,17.4,17.7,30.9,26.6,27.2,33,48.1,49.3,34.1,32.8,65.6,-4.5
,,,,11–7,93,179,124,195,160,73,238,78,116,302,200,229,172,124,153,302,113
125,Temple,Amer,31,14-17,99.8,95.6,0.6189,46,46.4,18.1,18.5,25.9,26.7,33.3,29.5,44.7,46.3,32.2,31,70.2,-6.5
,,,,6–12,223,59,125,322,41,115,187,238,122,158,106,335,59,223,58,75,153
RK,TEAM,CONF,G,REC,ADJOE,ADJDE,BARTHAG,EFG%,EFGD%,TOR,TORD,ORB,DRB,FTR,FTRD,2P%,2P%D,3P%,3P%D,ADJ T.,WAB
126,Murray St.,OVC,30,23-9,102.5,98.3,0.6185,52.7,46.4,19.9,18.5,28.9,24.8,40.1,32.2,51.6,46.3,36.7,31,68.7,-4.8
,,,,15–3,173,95,126,42,41,248,187,141,46,26,183,86,59,35,58,150,119
127,North Dakota St.,Sum,31,25-8,106,101.6,0.6183,51.9,49.2,14.7,14.6,22.4,19,33.3,26.6,51.2,49.3,35.2,32.7,65.9,-3.1
,,,,13–3,105,167,127,67,153,5,347,324,1,158,46,105,172,68,147,291,89
128,Pepperdine,WCC,32,16-16,107.7,103.4,0.6164,50,52.8,17.4,19,26.9,27.8,33,34.7,48.4,50.3,35.1,38.1,70.9,-6.2
,,,,8–8,71,209,128,151,309,73,153,206,163,166,235,212,210,79,344,55,149
129,Texas A&M,SEC,30,16-14,101.2,97.4,0.6089,46.4,49.2,21.3,22.4,31.3,31.8,41.1,26,48,49.2,29.4,32.7,64.4,-3.9
,,,,10–8,195,79,129,310,153,313,27,68,321,12,33,237,167,331,147,333,104
130,Kent St.,MAC,30,20-12,105.9,102,0.6077,52.3,48,18.4,19.4,30,30.4,28.9,34.4,53.4,46.7,33.7,33.5,68.7,-5.6
,,,,9–9,106,174,130,54,102,138,131,109,285,270,227,31,71,145,195,146,134
131,Georgia St.,SB,30,19-13,105.1,101.4,0.6037,50.3,46.9,18.9,20.8,30.9,32.9,31.3,47,48.3,48,35.8,29.9,72.9,-6.6
,,,,12–8,118,159,131,137,58,181,59,78,334,211,345,220,118,48,23,21,155
132,Penn,Ivy,26,16-11,103.4,99.8,0.6003,52.3,47.6,17.3,16.7,22.8,28.4,24.6,25,55,45.9,32.6,34.3,70.1,-4.5
,,,,8–6,160,123,132,54,86,67,298,315,190,337,27,12,48,200,239,80,112
133,South Dakota St.,Sum,30,22-10,108.3,104.8,0.5945,55.8,48.1,18.4,15.3,28.2,27.1,32.3,26,57.4,49.2,35.4,30.7,68,-4.6
,,,,13–3,64,241,133,4,106,138,339,161,140,186,33,2,167,60,49,195,115
134,Abilene Christian,Slnd,27,20-11,100.8,97.9,0.5834,49.6,50.4,20.6,26.1,28.8,29.5,41.1,48.9,51,52.3,31.5,30.9,68.2,-6.5
,,,,15–5,206,87,134,173,226,286,2,146,249,12,349,107,284,264,55,179,152
135,UT Arlington,SB,30,14-18,101.4,98.6,0.5797,47.3,46.9,16.2,17.5,26.5,29,29,35.8,48.5,48.2,30.4,29.6,67.7,-10.3
,,,,10–10,194,102,135,276,58,30,260,221,222,268,256,210,133,304,17,212,219
136,Santa Clara,WCC,31,19-13,102.8,100,0.5784,52.2,48.7,18.7,18.9,20.8,26.5,35.9,37.8,52.1,47.2,34.9,34.5,71.5,-5.2
,,,,6–10,168,133,136,60,130,163,157,340,112,85,287,68,82,88,250,42,126
137,Colgate,Pat,33,25-9,106.1,103.4,0.576,52.8,49.8,15.7,17.3,27.9,26.3,24.9,23.8,52.1,51.4,35.7,31.4,68.3,-3.9
,,,,14–4,102,208,137,39,192,19,268,171,98,336,18,68,257,49,77,172,105
138,Little Rock,SB,30,21-10,105.6,102.9,0.5752,52.8,49,22.1,19.6,30.1,28.7,45.3,34.4,52.9,47.3,35.1,34.5,69.1,-3.7
,,,,15–5,111,191,138,39,143,332,119,105,208,2,227,45,86,79,250,134,101
139,Princeton,Ivy,26,14-13,106.7,104.1,0.5723,53.6,52.3,18.3,17.2,24.6,24,27.8,26.5,53.8,51.9,35.5,35.4,66.2,-7.4
,,,,9–5,89,222,139,25,293,133,275,281,28,292,43,28,270,56,288,274,172
140,Chattanooga,SC,31,20-13,106.8,104.1,0.5721,52.5,51.1,17.5,16.9,25.9,24.6,29.2,27.3,51.8,52.7,35.7,32.2,66.9,-6.4
,,,,10–8,87,223,140,51,255,78,288,238,45,262,56,83,296,49,116,245,150
141,Montana,BSky,29,18-13,102.5,100,0.5707,52.3,48.7,16.9,20.5,20.1,25.4,26.1,46.3,51.4,48,36.4,33.6,68.2,-6.8
,,,,14–6,174,132,141,54,130,51,78,347,64,318,343,93,118,38,199,182,157
142,FIU,CUSA,29,19-13,103.8,101.3,0.5682,51.7,47.9,20.4,21.3,30.2,35.5,29.3,30.5,52.1,50.6,34.1,28.6,72.2,-6.2
,,,,9–9,149,157,142,73,98,272,48,102,350,259,135,68,224,124,7,30,147
143,California,P12,32,14-18,101.6,99.4,0.5644,46.9,49.9,19.2,17.3,25.1,26.3,36,37,45.5,47,33.5,36.3,65,-6.1
,,,,7–11,188,116,143,291,200,205,268,266,98,83,277,318,80,161,308,318,145
144,Buffalo,MAC,31,20-12,104.1,101.8,0.563,48.8,48.9,18.4,19,34.7,28.8,27.4,30.4,49.8,49.8,31.5,31.3,73.9,-5.7
,,,,11–7,143,170,144,208,139,138,153,19,213,297,133,151,192,264,73,8,136
145,Siena,MAAC,30,20-10,107.1,104.7,0.5627,51.8,48.4,19.2,17.2,31.9,26,36.3,26.9,51,48.7,35.5,31.8,66.8,-5.8
,,,,15–5,83,239,145,69,120,205,275,56,89,77,52,107,147,56,96,252,140
146,Marshall,CUSA,31,17-15,100.9,98.8,0.561,50.2,46.3,19.3,20,27.9,32.1,28.6,37.6,51.9,44.3,31.7,33.6,74.8,-8.3
,,,,10–8,201,104,146,142,37,212,98,171,328,278,286,77,18,254,199,3,185
147,Towson,CAA,30,18-13,106.3,104.2,0.5579,48.7,48.7,18.1,15.7,32.4,26.9,34.9,31,46.9,48.5,34.8,32.7,65.1,-6.9
,,,,12–6,100,225,147,213,130,115,333,43,133,113,150,273,142,93,147,314,159
148,Georgia Southern,SB,31,20-13,101.1,99.2,0.5555,50.2,49.5,18.3,20.7,26,28.7,36.2,27.6,51.5,51.9,32.2,30.4,71.7,-6.6
,,,,12–8,196,115,148,142,173,133,64,234,208,81,60,89,270,223,39,38,154
149,Ohio,MAC,30,17-15,103.5,101.6,0.555,51.3,49.1,18.7,18.1,26.6,24.8,29.6,32.8,51.3,48.5,34.2,33.3,68,-8.2
,,,,8–10,154,164,149,95,145,163,216,218,46,250,197,101,142,118,182,196,184
150,Eastern Washington,BSky,29,23-8,104,102.1,0.5534,52,49.1,17.7,18.5,27.3,27,29.6,33.7,52.2,48,34.4,34.3,73.1,-2
,,,,16–4,145,176,150,66,145,84,187,196,139,250,215,62,118,109,239,15,73
RK,TEAM,CONF,G,REC,ADJOE,ADJDE,BARTHAG,EFG%,EFGD%,TOR,TORD,ORB,DRB,FTR,FTRD,2P%,2P%D,3P%,3P%D,ADJ T.,WAB
151,Wofford,SC,33,19-16,104.6,102.8,0.5486,53.5,51.6,17.9,17.8,25,24.5,25.7,31.8,55.4,52.8,34.3,33.3,65.5,-8.1
,,,,8–10,132,188,151,26,270,98,231,272,41,326,170,7,299,114,182,304,182
152,Drake,MVC,32,20-14,102.7,101,0.5483,51.7,50.1,19.2,17.9,23.5,23.3,30.4,30.5,51.3,46.3,34.9,37.2,67.7,-6.1
,,,,8–10,170,150,152,73,208,205,225,300,19,236,135,101,59,88,330,211,146
153,New Mexico,MWC,32,19-14,104.3,102.9,0.539,52.2,52.7,19.5,20,27.9,30.1,37.2,24.4,54.2,53.1,32.6,34.7,71.9,-5.7
,,,,7–11,138,192,153,60,304,223,98,171,273,64,24,23,307,200,261,35,135
154,North Florida,ASun,31,21-12,112.3,110.8,0.5369,54.6,50.3,17.3,15.8,26.9,31.8,28.6,28.1,52.4,51.3,37.8,31.6,69.4,-4.9
,,,,13–3,27,322,154,13,222,67,328,206,321,278,71,56,253,12,83,105,121
155,Oral Roberts,Sum,27,17-14,107.5,106.2,0.5359,50.9,51.7,13.8,18.2,29,26.9,28.2,31.7,51.4,52,33.3,34.1,70.2,-7.1
,,,,9–7,74,262,155,111,276,2,206,138,133,286,166,93,272,173,230,74,164
156,Vanderbilt,SEC,32,21-Nov,104.6,103.4,0.5329,50.2,52.7,18.4,19.6,25.4,29.4,41.4,36.8,50.3,52.7,33.3,35.1,69.4,-10
,,,,3–15,131,210,156,142,304,138,119,258,243,9,274,130,296,173,280,111,215
157,Delaware,CAA,32,22-11,106.6,105.4,0.5319,54.4,49.8,18.6,16.7,23.8,26.8,32.3,29,55.4,48,35.2,35.1,68.1,-5.7
,,,,11–7,95,245,157,18,192,156,298,296,128,186,90,7,118,68,280,186,137
158,Nebraska,B10,32,25-Jul,101.5,100.5,0.5284,46.8,51.5,16,18.7,22.3,33,29,21.8,46.3,52.5,31.8,33.3,73,-10.4
,,,,2–18,193,143,158,296,263,26,168,326,336,268,6,297,293,244,182,17,220
159,Bowling Green,MAC,29,21-10,104.4,103.3,0.5279,47.6,48.9,15.1,16.4,28.1,26.7,28.1,33.5,45.3,48.1,34.3,33.4,70,-3.9
,,,,12–6,135,207,159,265,139,7,309,167,122,288,212,325,127,114,188,83,103
160,Austin Peay,OVC,31,21-12,106.9,105.9,0.5271,51.3,53.1,18.4,20.6,32.9,27.9,37.3,32.5,50.4,52.3,35.3,36.4,67.6,-5.9
,,,,14–4,85,257,160,95,316,138,69,35,170,62,191,125,284,63,313,217,142
161,Southern Illinois,MVC,31,16-16,98.2,97.3,0.5259,49.5,49.1,19.4,21,20.6,29.9,33.6,25.3,48.3,49.4,34.1,32.4,64,-8.7
,,,,10–8,250,76,161,178,145,218,53,343,265,150,28,220,174,124,128,338,192
162,Charlotte,CUSA,29,16-13,98.8,98,0.5232,51.6,50.4,20.6,20.3,21.5,23.7,38,27.6,51.9,52.1,34,31.9,65.4,-6.9
,,,,10–8,241,88,162,79,226,286,84,332,23,49,60,77,276,134,101,306,158
163,Fresno St.,MWC,29,19-Nov,104.6,104,0.5186,49.8,49.7,19.4,15.4,30.5,26.5,29.5,28.2,49,46.3,33.7,36.3,64.2,-11
,,,,7–11,130,219,163,158,185,218,337,92,112,253,72,193,59,145,308,336,235
164,Old Dominion,CUSA,32,13-19,98.7,98,0.5184,45.3,48.1,18.1,18.5,30.8,21.7,28.8,34,46,46,29.3,33.8,66.4,-11.4
,,,,9–9,243,90,164,337,106,115,187,82,7,273,221,307,51,334,214,266,239
165,South Alabama,SB,28,20-11,104.2,103.6,0.5183,51.4,51.5,18.3,20.1,25.5,29.6,40.6,26.6,52.2,50.6,33,34.9,65.4,-5.8
,,,,13–7,139,217,165,91,263,133,95,254,255,21,46,62,224,185,269,309,139
166,Toledo,MAC,31,17-15,106.2,105.6,0.5171,50.9,48.7,17.6,16.2,27.8,27.7,36.7,26.5,47.9,46.6,36.8,34.9,67.9,-8.9
,,,,8–10,101,250,166,111,130,81,315,179,158,73,43,242,69,32,269,204,196
167,Boston College,ACC,32,13-19,99.7,99.2,0.5164,46.5,50.5,19.6,20.8,25.4,30.7,29.1,29.9,46.7,50.8,30.8,33.4,69.3,-7
,,,,7–13,225,113,167,305,229,227,59,258,296,264,120,284,235,296,188,113,161
168,Valparaiso,MVC,34,19-16,103.5,102.9,0.5145,50.7,51.8,18.1,20,26.1,27.4,26.8,31.7,50.4,50.3,34,36.5,69.3,-7.5
,,,,9–9,158,195,168,121,279,115,98,233,146,310,166,125,210,134,318,120,174
169,Winthrop,BSth,32,24-10,103.6,103.1,0.5141,53,50.7,19.1,20,34.8,24.1,36.3,41.9,54.1,52,34.4,32.3,71.8,-4.9
,,,,15–3,151,202,169,34,235,197,98,17,32,77,327,24,272,109,123,37,120
170,Portland St.,BSky,30,18-14,108.8,108.4,0.512,49.6,52.9,17.7,20.3,35.9,34.3,30.8,32.1,49.2,53.3,33.8,34.6,71.6,-8.4
,,,,12–8,56,296,170,173,312,84,84,6,347,225,181,184,312,142,259,41,186
171,Western Carolina,SC,29,19-12,106.7,106.5,0.5048,54.6,50.5,19.8,16.5,28.4,25.6,38.4,31.2,54,53,36.8,31.3,71.4,-5.3
,,,,10–8,91,270,171,13,229,240,306,157,74,46,156,26,304,32,73,43,128
172,College of Charleston,CAA,30,17-14,104.2,104.4,0.4939,51.1,49.1,16.3,17.7,22.7,29.3,32.3,32.5,50.3,48.7,34.9,33.2,65.8,-7.4
,,,,11–7,142,231,172,103,145,33,238,320,236,186,191,130,147,88,177,293,173
173,George Mason,A10,32,17-15,101,101.2,0.4936,47.6,49.6,20.1,18.9,33.1,27.8,34.4,30.6,48.7,50.9,30.4,31.5,66.9,-7
,,,,5–13,199,156,173,265,179,255,157,33,163,128,137,203,241,304,79,246,160
174,Northern Kentucky,Horz,30,23-9,100.8,101.1,0.4913,49.5,46.5,18,20.2,29.7,31.9,33.4,31,52.4,47.7,30.6,29.6,65.6,-4.2
,,,,13–5,203,151,174,178,49,109,91,116,324,155,150,56,97,299,17,298,111
175,Boston University,Pat,33,21-13,102.6,103.1,0.4858,51.3,49.7,16.9,17.2,29.4,25.1,27.3,26.1,53,49.9,32.2,32.8,66.3,-7.7
,,,,12–6,172,201,175,95,185,51,275,124,52,301,37,39,197,223,153,271,179
RK,TEAM,CONF,G,REC,ADJOE,ADJDE,BARTHAG,EFG%,EFGD%,TOR,TORD,ORB,DRB,FTR,FTRD,2P%,2P%D,3P%,3P%D,ADJ T.,WAB
176,Massachusetts,A10,31,14-17,101.6,102.2,0.4831,49.2,51,18.8,20.3,25.8,30.3,29.9,33.5,49.1,51.7,32.9,33,68.7,-7.2
,,,,8–10,187,180,176,193,249,168,84,242,283,247,212,188,268,190,163,145,167
177,William & Mary,CAA,31,21-11,103.6,104.3,0.4808,53.5,49.5,18.8,14.3,24.6,23.8,30.6,26.5,54,47.4,35.2,35.6,67.6,-5.1
,,,,13–5,153,227,177,26,173,168,349,281,24,232,43,26,88,68,293,218,125
178,Tulane,Amer,30,18-Dec,101.5,102.3,0.4781,47.8,52.7,16.9,23,22.2,31.2,34.2,29.6,46.3,54,33.4,34,68.6,-9.1
,,,,4–14,192,181,178,257,304,51,18,327,308,133,112,297,326,168,224,160,202
179,UAB,CUSA,30,19-13,101.1,102,0.4769,49.7,49.3,22.2,18.3,31.8,24.3,35.1,27,50.6,48.1,31.7,34,65.4,-7.2
,,,,9–9,197,173,179,164,160,334,200,59,38,109,53,119,127,254,224,307,166
180,South Dakota,Sum,29,20-12,107.6,108.5,0.4758,54.6,52.2,15.1,14.9,19.3,22.1,40.8,32.2,52.9,50.7,38.8,36.6,69.8,-7.1
,,,,10–6,73,301,180,13,288,7,346,350,10,17,183,45,232,4,319,92,163
181,La Salle,A10,30,15-15,99.2,100.1,0.4742,48.4,48.5,20.8,20.3,28.9,28.4,33.1,40.1,46.9,50.5,33.6,30,69.1,-7.1
,,,,6–12,228,135,181,227,122,300,84,141,190,164,311,273,220,155,28,132,162
182,UC Santa Barbara,BW,29,21-10,104.8,105.8,0.4727,51.1,51,18.3,19,31.3,25.7,37.2,30,51,50.6,34.2,34.5,64.4,-5.6
,,,,10–6,127,255,182,103,249,133,153,68,78,64,125,107,224,118,250,334,133
183,Florida Atlantic,CUSA,29,17-15,99.9,100.9,0.4723,48.5,50.5,18.8,20.7,28.7,26.9,26.9,29.3,49.1,50,31.8,34.3,68.5,-8.9
,,,,8–10,217,149,183,223,229,168,64,150,133,306,99,188,201,244,239,165,194
184,Southern Utah,BSky,30,17-15,97.7,98.9,0.4652,48.7,45.8,19.2,16.8,27.3,23.3,35.9,37,49.2,45.4,31.8,31.1,69.2,-9.3
,,,,9–11,257,111,184,213,27,205,293,196,19,85,277,184,37,244,61,126,205
185,Nicholls St.,Slnd,27,21-10,100,101.2,0.4647,49.5,49.8,19.3,24.8,29.4,34.1,25.8,39.7,49.1,50.8,33.4,31.8,68.8,-4.6
,,,,15–5,216,154,185,178,192,212,5,124,343,322,308,188,235,168,96,144,116
186,Loyola Marymount,WCC,31,21-Nov,101,102.4,0.4615,51,51.8,21.9,18.6,27.3,27.8,34.8,38.2,54.4,53.7,29.7,33.1,62.9,-11.6
,,,,4–12,198,182,186,107,279,326,178,196,163,117,292,20,321,325,170,350,244
187,Sacramento St.,BSky,28,16-14,97.1,98.5,0.4575,45.4,48,19.1,21.7,32.2,25.9,32.1,35.3,44.7,46.8,31.6,34.2,63.6,-9.1
,,,,8–12,267,98,187,335,102,197,39,46,81,196,246,335,74,262,233,341,201
188,Northern Illinois,MAC,30,18-13,99.2,100.7,0.4554,47.2,47.2,18,17,30.5,24.3,27.4,32.2,45.2,48,33.7,30.8,64.8,-7.2
,,,,11–7,230,146,188,281,71,109,283,92,38,297,183,327,118,145,54,326,168
189,Mercer,SC,30,17-15,100.4,102.1,0.4535,51,49.6,21,17.7,30.5,26.9,26.5,35.3,49.9,50.7,35.2,31.9,68.2,-9
,,,,11–7,210,177,189,107,179,306,238,92,133,315,246,147,232,68,101,177,200
190,St. Francis PA,NEC,31,22-10,106.7,108.5,0.4525,51.5,50.9,17.5,19.2,32.7,29.5,32.6,27.6,50.3,51.2,36,33.6,68.8,-5.6
,,,,13–5,91,300,190,87,244,78,144,39,249,174,60,130,251,44,199,142,131
191,Illinois Chicago,Horz,34,18-17,96.6,98.3,0.4508,50.8,46.1,22.5,17.7,27.7,28.2,29.4,36.6,50.8,47.9,33.8,28.8,69.2,-11.7
,,,,10–8,278,94,191,117,32,339,238,181,182,254,269,114,109,142,11,123,247
192,Rice,CUSA,30,15-17,105.7,107.6,0.4486,51.5,53,18.8,17.6,24.4,26.6,34.3,29.8,52,55.1,34,33.2,70.3,-10.6
,,,,7–11,110,290,192,87,313,168,246,287,116,130,116,73,340,134,177,71,224
193,UTEP,CUSA,29,17-15,96.7,98.6,0.4441,47.3,47.4,19.6,19.2,23.3,26.4,33,33,49,48.8,29.9,29.9,67.2,-8.7
,,,,8–10,276,101,193,276,80,227,144,306,106,166,200,193,151,321,23,234,191
194,Eastern Michigan,MAC,28,16-16,94.8,96.7,0.4427,46.3,49.5,21.7,23.1,25.4,30.5,42.5,30.9,50.1,47.9,26.7,34.2,66.7,-9.1
,,,,6–12,307,71,194,314,173,324,16,258,290,5,144,138,109,349,233,257,203
195,Coastal Carolina,SB,31,16-17,104.3,106.5,0.4413,50.1,50,21.9,18.4,35.9,27.8,34.7,45.8,50.4,49.7,33.1,33.6,72.5,-10.6
,,,,8–12,136,271,195,147,203,326,195,6,163,123,340,125,187,183,199,28,225
196,Hawaii,BW,29,17-13,97.5,99.6,0.4386,48.8,49.2,18.6,19.1,27.6,25.9,32.2,32.5,48.4,48,32.9,34.9,68.5,-8.1
,,,,8–8,263,121,196,208,153,156,148,183,81,191,191,212,118,190,269,166,181
197,American,Pat,30,16-14,100.7,103.1,0.4341,51.6,49.7,17.9,19.9,26.7,29.3,28.6,36.7,51.9,50.5,34,31.9,68.6,-10.1
,,,,12–6,208,199,197,79,185,98,105,213,236,278,272,77,220,134,101,153,217
198,Air Force,MWC,31,20-Dec,106.4,109,0.4306,52.9,56.2,18.1,16.4,22.5,22.8,35,29.8,51,55.6,36.9,37.9,68.7,-12
,,,,5–13,98,311,198,36,349,115,309,322,17,112,116,107,346,29,342,152,249
199,Radford,BSth,30,21-11,104.7,107.3,0.4302,52.6,50.1,16.4,16.3,30.4,26.6,32.5,34.3,52.4,50.8,35.2,32.9,64.1,-6
,,,,15–3,128,283,199,46,208,35,312,97,116,178,225,56,235,68,157,337,143
200,Illinois St.,MVC,30,21-Oct,99,101.8,0.4217,49.9,51.5,21,19.4,25.2,27.3,25.2,31,47,51.5,35.9,34.4,68.4,-13.7
,,,,5–13,234,172,200,155,263,306,131,263,143,333,150,269,259,46,244,168,278
RK,TEAM,CONF,G,REC,ADJOE,ADJDE,BARTHAG,EFG%,EFGD%,TOR,TORD,ORB,DRB,FTR,FTRD,2P%,2P%D,3P%,3P%D,ADJ T.,WAB
201,Saint Peter's,MAAC,30,18-12,94.8,97.5,0.4193,46,46.1,23.4,22,35.6,27.4,38,40.8,43.5,44.9,34.2,32.1,67.7,-7.7
,,,,14–6,306,83,201,322,32,348,36,9,146,49,318,345,26,118,109,214,178
202,Dartmouth,Ivy,28,17-Dec,96.5,99.4,0.4168,49.8,49.3,18.9,16.8,21.2,20.9,27.4,29.7,51.6,49.6,31.3,32.5,65.5,-11.6
,,,,5–9,279,117,202,158,160,181,293,337,2,297,115,86,183,274,134,303,243
203,Rider,MAAC,30,18-12,99,102,0.4146,49.1,49.1,19.6,19.1,30.6,24,40.8,30.3,49.6,49.5,32.1,32.5,70.9,-7.5
,,,,12–8,236,175,203,195,145,227,148,89,28,17,131,160,179,229,134,50,175
204,Sam Houston St.,Slnd,27,18-13,99.9,103.1,0.4104,50.7,50.5,18.8,24.3,27.3,30.8,32.1,44.7,49.8,52.2,34.8,32.1,70.9,-8.5
,,,,11–9,219,200,204,121,229,168,7,196,299,196,339,151,281,93,109,53,188
205,Robert Morris,NEC,33,20-14,100.2,103.5,0.4088,51.4,50.4,18.7,21.4,28.2,29.3,26,31.7,49.6,51.5,36.1,32.3,66.1,-9.2
,,,,13–5,212,213,205,91,226,163,43,161,236,320,166,160,259,43,123,284,204
206,Appalachian St.,SB,31,18-15,98.3,101.5,0.408,48.4,49.8,19.5,20.3,26.9,27.7,41.2,27.3,50.3,50.6,30.2,32.4,67.2,-7.8
,,,,11–9,249,161,206,227,192,223,84,206,158,11,56,130,224,314,128,235,180
207,UTSA,CUSA,29,13-19,104,107.5,0.4057,48.1,52.2,17,18.2,26.7,26.4,26.4,38,45.5,51.6,34.4,35.4,72.9,-12.2
,,,,7–11,144,289,207,241,288,58,206,213,106,317,289,318,263,109,288,22,255
208,Monmouth,MAAC,31,18-13,98.4,101.8,0.4043,47.1,49.5,17.6,22.4,25.5,28.8,35.6,41.7,45.4,48.1,33.4,34.4,72.6,-8.2
,,,,12–8,246,171,208,284,173,81,27,254,213,98,325,323,127,168,244,26,183
209,Brown,Ivy,26,15-12,96.5,99.8,0.4033,44.9,49.7,21.2,19.7,32.8,26.4,32.4,29.3,44.5,49.4,30.4,33.5,69.3,-6.5
,,,,8–6,280,127,209,344,185,311,113,36,106,183,99,341,174,304,195,116,151
210,Cal Baptist,WAC,27,21-10,104.8,108.6,0.4002,50.8,47.6,17.8,14,30.9,25.6,35.3,30.6,46.7,48.6,37.7,30.4,68.6,-6.2
,,,,10–6,126,302,210,117,86,89,353,78,74,105,137,284,145,13,39,159,148
211,Seattle,WAC,27,14-15,101,104.6,0.3984,45.3,48.7,13.6,18.8,26.8,27.9,34.8,41.7,44.3,49.4,31.2,31.6,69.8,-9.9
,,,,7–7,200,235,211,337,130,1,164,210,170,117,325,343,174,280,83,90,211
212,Central Michigan,MAC,29,14-18,102,106,0.3919,47.5,54.5,17.7,21.1,27.5,28.9,33.7,29.2,47.7,52.1,31.4,38.9,73.6,-11
,,,,7–11,182,258,212,270,338,84,51,188,216,144,94,252,276,272,349,11,234
213,Sacred Heart,NEC,32,20-13,100.8,104.8,0.3898,49.1,47.6,20.4,15.7,36.1,28.2,34.8,23.6,49.2,46.3,32.7,33.3,68.8,-8.7
,,,,12–6,205,240,213,195,86,272,333,5,182,117,15,184,59,198,182,140,190
214,Stony Brook,AE,32,20-13,95.6,99.5,0.3886,47.7,46.3,20.7,18.4,28.4,27.3,33.3,27.4,45.9,43.3,33.5,33.6,69.7,-7.2
,,,,10–6,293,119,214,262,37,294,195,157,143,158,58,308,9,161,199,95,165
215,Lamar,Slnd,29,17-15,97.6,101.6,0.3878,48,50.9,20.2,22.6,28.9,32.5,34.9,27.6,47.1,49.9,33.3,35,69.4,-10.2
,,,,10–10,259,163,215,244,244,259,24,141,332,113,60,267,197,173,275,108,218
216,East Carolina,Amer,31,20-Nov,99.2,103.3,0.3863,46.7,50.1,19.2,18.7,27.2,26.4,36.8,40.2,49,49.7,28.1,33.7,70.5,-12
,,,,5–13,229,204,216,301,208,205,168,200,106,70,312,193,187,344,206,62,252
217,Gardner Webb,BSth,30,16-16,102.1,106.5,0.3821,51.8,49.4,18.1,17.6,27.4,30,34.8,31.4,50,49.2,36.4,33.1,66.1,-10.9
,,,,11–7,180,269,217,69,166,115,246,192,268,117,159,144,167,38,170,281,233
218,UC Riverside,BW,29,17-15,95.7,99.9,0.3795,50,47.2,20.3,16.2,26.7,21.9,27.4,32.2,48.2,43.4,34.9,36.6,63.1,-10.7
,,,,7–9,292,128,218,151,71,265,315,213,9,297,183,227,10,88,319,348,226
219,Miami OH,MAC,30,13-19,101.6,106.1,0.3784,48.4,51.9,16.4,17.8,25.1,28.1,26.9,37,47,50.6,33.6,35.8,67.1,-12.6
,,,,5–13,189,260,219,227,284,35,231,266,179,306,277,269,224,155,300,239,260
220,UMKC,WAC,27,16-14,98,102.5,0.374,50.5,49.5,19.8,21.1,24,30,30.3,48.4,49.4,50.9,35.1,31.2,65.1,-8.7
,,,,8–7,254,183,220,127,173,240,51,293,268,239,347,175,241,79,66,316,189
221,Green Bay,Horz,31,17-16,105.1,110,0.372,50.8,51.4,16.2,18.2,25.8,31.6,31.6,33,48.8,50.8,36.6,34.9,73.8,-9.9
,,,,11–7,120,317,221,117,261,30,206,242,314,205,200,202,235,36,269,9,210
222,Merrimack,NEC,30,20-11,93.3,97.8,0.3654,48.5,48,18.6,25.9,23,34.2,25.9,37.8,47.4,48.9,33.3,30.6,63.4,-6.6
,,,,14–4,327,86,222,223,102,156,3,309,345,321,287,258,157,173,46,344,156
223,Nebraska Omaha,Sum,31,16-16,102.2,107.3,0.365,49.9,52.6,17,16,27.2,26.7,27.6,29.5,49.4,51.5,34,36.1,69.2,-8.8
,,,,9–7,176,281,223,155,300,58,321,200,122,294,106,175,259,134,306,124,193
224,Eastern Illinois,OVC,30,17-15,98.4,103.3,0.3633,50.5,49.1,17.4,21.4,28.2,28.9,29.4,33.9,50.3,46.9,33.8,35.8,69.1,-10.5
,,,,9–9,248,205,224,127,145,73,43,161,216,254,219,130,77,142,300,133,222
225,Montana St.,BSky,29,16-15,96.3,101.2,0.3623,49,48.3,20.6,15.9,22.4,25,38.4,30.8,49.8,48.4,31.5,32.1,67.4,-9.6
,,,,10–10,283,153,225,200,114,286,326,324,49,46,141,151,139,264,109,225,207
RK,TEAM,CONF,G,REC,ADJOE,ADJDE,BARTHAG,EFG%,EFGD%,TOR,TORD,ORB,DRB,FTR,FTRD,2P%,2P%D,3P%,3P%D,ADJ T.,WAB
226,San Diego,WCC,31,23-Sep,93.9,98.8,0.3588,45.9,50.1,20.2,17.9,24.8,27.6,31.4,31.9,45.9,51.1,30.6,31.9,70.4,-13.3
,,,,2–14,324,107,226,324,208,259,225,277,152,209,175,308,247,299,101,66,273
227,George Washington,A10,32,20-Dec,99.1,104.5,0.351,49,50.1,19.4,15.7,23,26.7,32.8,31.1,49.6,50.4,32.1,33,66.5,-12
,,,,6–12,232,233,227,200,208,218,333,309,122,171,154,160,216,229,163,260,250
228,Lafayette,Pat,30,19-12,99.9,105.4,0.3483,52.1,48.9,17.8,14.3,23.4,27.2,23.8,22.1,53.4,49.8,33.6,31.6,66.8,-7.6
,,,,10–8,221,246,228,63,139,89,349,303,141,341,8,31,192,155,83,253,177
229,Iona,MAAC,29,17-Dec,101.5,107.2,0.3481,51,49.4,20.5,18.7,25.1,31.7,33.7,34.2,51.8,46,33.3,36.3,68.5,-12.9
,,,,9–11,191,278,229,107,166,278,168,266,317,144,223,83,51,173,308,163,267
230,Oakland,Horz,32,14-19,99.1,104.7,0.3481,48.1,49.3,19.9,17.7,28.5,30.3,37.4,26.2,50.6,49.5,29.4,32.8,66,-13
,,,,8–10,231,237,230,241,160,248,238,154,283,59,40,119,179,331,153,288,268
231,Southern,SWAC,30,17-15,97,102.5,0.3466,47.9,48.7,20.3,19.7,31.6,25.3,34.5,48.8,48.3,49.1,31.3,31.8,66.6,-10.4
,,,,13–5,268,184,231,251,130,265,113,63,59,126,348,220,162,274,96,258,221
232,Cal St. Northridge,BW,30,15-17,107.4,113.5,0.3456,51.6,54.7,16.3,17.3,25.2,32,30.4,29,49.4,52.4,37.3,38.7,70.3,-10.7
,,,,10–6,78,336,232,79,339,33,268,263,326,236,90,175,291,21,348,73,229
233,Louisiana Lafayette,SB,32,14-19,100.8,106.6,0.3441,48,51.6,19,18.7,28.6,29.8,34.9,32.8,47.9,52,32.1,33.9,71.7,-12.4
,,,,8–12,204,273,233,244,270,192,168,152,260,113,197,242,272,229,220,40,258
234,UC Davis,BW,30,14-18,103.8,109.9,0.341,52.3,54.1,18.8,19.7,22.9,27.8,31.8,35.9,48.5,55,39.1,35,67.9,-12.8
,,,,8–8,148,316,234,54,335,168,113,312,163,203,258,210,337,3,275,199,264
235,Youngstown St.,Horz,31,18-15,102.7,108.9,0.3381,47.4,50.1,17.8,16.5,35.6,29.5,30,30.9,47.8,49.4,31.2,34.3,66.4,-10.1
,,,,10–8,169,308,235,272,208,89,306,9,249,245,144,247,174,280,239,265,216
236,Northern Arizona,BSky,28,16-14,101.7,107.8,0.3374,49.7,53.5,17.1,18.5,26.8,26.3,31.3,28,48.1,52.8,35.3,36.4,66.3,-9
,,,,10–10,186,291,236,164,323,60,187,210,98,211,66,229,299,63,313,269,199
237,Drexel,CAA,32,14-19,99.9,106.1,0.3335,50.5,50.1,21.4,16,29.8,26.5,28.8,29.6,49,51.1,35.3,31.9,67.5,-12.8
,,,,6–12,220,259,237,127,208,317,321,114,112,273,112,193,247,63,101,223,265
238,Arkansas St.,SB,30,16-16,102.2,108.7,0.3302,48.9,52,19,19.9,28.9,29.1,48.1,43.1,47.8,52.6,34.1,33.8,67.1,-10
,,,,8–12,177,306,238,204,285,192,105,141,228,1,332,247,295,124,214,237,213
239,Wyoming,MWC,32,24-Sep,94,100,0.3301,48,50.1,18.6,18.9,14.2,28.6,30.5,36.8,48.3,50.4,31.8,33.1,66.3,-14.9
,,,,2–16,321,131,239,244,208,156,157,353,200,234,274,220,216,244,170,270,299
240,Fordham,A10,31,22-Sep,89.1,94.8,0.3288,45,47.2,18.9,21,21.4,26.3,27,33.1,43.1,48.8,31.8,30.3,64.5,-15.3
,,,,2–16,346,51,240,343,71,181,53,334,98,305,205,347,151,244,37,332,307
241,North Dakota,Sum,30,15-18,101.8,108.4,0.3257,50.6,52.4,19,15.1,24.8,25.5,36.7,29.8,51.9,50.9,32.4,37.3,68.7,-11.3
,,,,7–9,185,297,241,126,296,192,342,277,70,73,116,77,241,210,331,151,238
242,Prairie View A&M,SWAC,30,19-13,95.2,101.6,0.321,47.4,47.8,20.2,23.7,27.9,28.1,40.5,49.2,48.1,50.6,30.3,28.7,70.6,-7.5
,,,,14–4,302,165,242,272,93,259,9,171,179,22,351,229,224,310,9,61,176
243,Campbell,BSth,29,15-16,97.7,104.3,0.3209,52.6,49.8,19.2,19.6,21.9,27.6,25.3,40.5,53,51,34.6,31.6,65.5,-13
,,,,6–12,256,229,243,46,192,205,119,330,152,330,313,39,244,102,83,305,269
244,Hartford,AE,31,18-15,94.2,100.7,0.3184,48.6,46,19.6,18.7,22.8,31,30.3,29.5,46.4,49.2,34.6,27.2,68.2,-10.7
,,,,9–7,316,145,244,217,31,227,168,315,302,239,106,293,167,102,1,181,227
245,Louisiana Monroe,SB,27,20-Sep,96.4,103,0.3181,47.7,48.3,20.5,16.8,25.6,30.5,32.2,34,46.3,48.8,33.7,31.7,64.8,-13.8
,,,,5–15,281,196,245,262,114,278,293,251,290,191,221,297,151,145,90,325,279
246,Western Michigan,MAC,30,13-19,98.8,105.6,0.3171,48.2,50.1,18.8,16.2,24.8,29.3,35.4,31.7,47.3,49.8,33.1,33.8,67.2,-12.1
,,,,6–12,240,251,246,236,208,168,315,277,236,102,166,261,192,183,214,232,253
247,Elon,CAA,31,21-Dec,101.8,109,0.3147,49.6,52.6,17.3,17.4,22.9,25.9,27.9,42.1,46.4,50.6,35.2,36.9,66,-14.5
,,,,7–11,183,309,247,173,300,67,264,312,81,291,329,293,224,68,323,287,296
248,Tennessee St.,OVC,31,18-15,96.8,103.5,0.3146,53,47,24.7,17.1,30.7,27.9,32,38.2,52.7,46.8,35.7,31.5,69.4,-9.5
,,,,9–9,275,216,248,34,64,350,280,84,170,199,292,50,74,49,79,109,206
249,Eastern Kentucky,OVC,31,16-17,96.6,103.5,0.3136,46.5,51.7,18.9,23.3,24.9,33.6,32.5,36.3,46.2,53.7,31.3,32.1,74.4,-11.4
,,,,12–6,277,214,249,305,276,181,13,275,340,178,265,301,321,274,109,6,240
250,Saint Joseph's,A10,32,26-Jun,102,109.3,0.3121,46.6,52.7,18.2,14.4,26.2,29,29.1,32,48.6,51.3,29.7,37.1,71.4,-15.7
,,,,2–16,181,312,250,303,304,126,348,231,222,264,179,205,253,325,327,45,313
RK,TEAM,CONF,G,REC,ADJOE,ADJDE,BARTHAG,EFG%,EFGD%,TOR,TORD,ORB,DRB,FTR,FTRD,2P%,2P%D,3P%,3P%D,ADJ T.,WAB
251,Bryant,NEC,31,15-17,96.9,104,0.3084,47.9,47,20.5,16.5,31,28.2,31,29.9,48,47.4,31.9,30.9,70.4,-12.6
,,,,7–11,270,220,251,251,64,278,306,77,182,219,120,237,88,238,55,68,262
252,Jacksonville,ASun,30,14-18,95.9,102.9,0.3072,48,46.6,20.3,16,29.4,26.5,30.1,28.7,48.3,47.2,31.7,30.4,66.5,-12.8
,,,,7–9,288,194,252,244,52,265,321,124,112,242,85,220,82,254,39,261,266
253,VMI,SC,30,24-Sep,99.8,107.2,0.3056,50.4,50.8,18.5,17.5,26.8,28.5,21.8,39.4,48.6,52.3,34.8,32.3,67.9,-18.1
,,,,3–15,222,277,253,134,239,146,260,210,195,352,305,205,284,93,123,202,335
254,Lipscomb,ASun,30,16-16,100.8,108.4,0.3031,50.1,51.6,18.9,17.7,26.6,27.7,28.7,27.1,49.8,51.4,33.7,34.5,68.7,-9.9
,,,,9–7,202,298,254,147,270,181,238,218,158,276,54,151,257,145,250,148,208
255,Northwestern St.,Slnd,27,15-15,98.5,106.1,0.2978,49.7,48.1,21.6,17.8,30.7,32.5,33.9,37.2,47.9,45.4,35.2,35.5,72.1,-10.8
,,,,11–9,245,261,255,164,106,321,231,84,332,141,283,242,37,68,290,31,231
256,UT Rio Grande Valley,WAC,26,14-16,98.8,106.4,0.2972,46.8,53.1,18,23.5,27.6,30,35.1,44.2,46.1,51.1,32.4,37.8,70.3,-10.6
,,,,9–7,242,268,256,296,316,109,12,183,268,109,337,306,247,210,339,70,223
257,Southern Miss,CUSA,28,22-Sep,95.4,102.9,0.2957,47.8,51.3,22.1,17.6,26.7,26.4,23.5,33,49.1,52.3,29.9,33.5,67,-14.4
,,,,5–13,296,192,257,257,258,332,246,213,106,342,200,188,284,321,195,241,294
258,Norfolk St.,MEAC,27,16-15,94.2,101.7,0.2934,47,47.2,20.9,21.6,30.7,28.8,33.3,40.5,47.3,47.8,31,30.9,67.2,-11.5
,,,,12–4,317,169,258,287,71,303,40,84,213,158,313,261,105,287,55,236,241
259,Jackson St.,SWAC,30,14-17,93.3,100.7,0.2916,45.2,48.6,18.2,22.8,26.6,29.7,35.6,43.6,47.6,47.7,26.3,33.8,68.7,-12
,,,,11–7,328,147,259,340,128,126,20,218,258,98,334,255,97,350,214,147,251
260,Bucknell,Pat,34,14-20,95.1,102.8,0.2901,49.3,51.5,19,19.8,24.4,26.6,28.4,38.3,47.8,52.9,34.3,32.4,69.5,-14
,,,,8–10,304,187,260,190,263,192,109,287,116,283,294,247,303,114,128,100,283
261,Cal St. Bakersfield,WAC,28,19-Dec,96.3,104.1,0.2897,46.5,50.9,20.7,19.4,35.2,25.3,30.7,49.1,46.3,47.7,31.4,37.1,64.7,-13.2
,,,,6–10,284,224,261,305,244,294,131,14,59,230,350,297,97,272,327,328,272
262,Cornell,Ivy,25,20-Jul,101.6,110,0.2867,49.8,53.1,17.9,18.3,24.5,29.9,26.8,31.8,50.5,52.3,32.5,36.1,65,-14.1
,,,,4–10,190,319,262,158,316,98,200,285,265,310,170,124,284,205,306,317,287
263,New Hampshire,AE,28,15-15,94.2,102.1,0.2841,46.8,47.2,18.4,16.3,28.2,21.4,25.8,39.1,44.8,47,33,31.6,68.6,-10.8
,,,,8–8,318,178,263,296,71,138,312,161,6,322,303,334,80,185,83,154,230
264,Utah Valley,WAC,27,19-Nov,96.1,104.2,0.2838,49.2,47.8,19.8,17,23.7,27.9,34.1,34.5,51.4,47.2,30.2,32.6,70.4,-14.3
,,,,5–10,285,226,264,193,93,240,283,297,170,135,231,93,82,314,141,67,291
265,Navy,Pat,29,14-16,98.1,106.4,0.2819,46.1,50.7,18.8,18.1,33.8,25.9,32,30.1,47.5,50.4,29.3,34,62.2,-11.7
,,,,8–10,252,267,265,318,235,168,216,27,81,199,126,256,216,334,224,351,246
266,Army,Pat,29,15-15,99,107.5,0.2809,52.9,51.6,16.9,17,20.2,25.9,25.7,23.9,55,50.4,32.8,35.6,69.5,-11.3
,,,,10–8,233,287,266,36,270,51,283,346,81,326,19,12,216,195,293,102,237
267,Grand Canyon,WAC,29,13-17,103.1,111.9,0.2801,50.7,51,16.9,16.1,23.3,28.6,37.5,29.9,50.4,50,34.1,34.9,67.8,-12.2
,,,,8–8,165,326,267,121,249,51,319,306,200,57,120,125,201,124,269,205,256
268,Milwaukee,Horz,29,19-Dec,96.1,104.4,0.2772,46.8,50.8,18.8,20.8,29.2,29.6,30.4,43.8,46.4,49.6,31.7,35.3,69.4,-14.2
,,,,7–11,286,232,268,296,239,168,59,131,255,236,335,293,183,254,285,112,288
269,Fort Wayne,Sum,30,14-19,95.2,103.5,0.2769,49.4,53.5,20.3,18.1,28.4,23.8,24.5,29.5,50.7,54,31.9,35.2,67.9,-13.5
,,,,6–10,301,215,269,185,323,265,216,157,24,339,106,117,326,238,283,200,275
270,UMBC,AE,29,16-17,97.6,106.2,0.2729,48.3,49.7,18.5,18.9,25.6,27.6,33.7,33.7,50.3,50.3,30.2,32.6,66.6,-12.1
,,,,8–8,260,264,270,234,185,146,157,251,152,144,215,130,210,314,141,259,254
271,McNeese St.,Slnd,28,15-17,102.9,112.1,0.2727,54.9,51.5,22.7,17.6,30.1,31.7,35.7,29.6,54.3,48.7,37.3,37.3,68.8,-12.3
,,,,10–10,166,328,271,7,263,343,246,105,317,93,112,21,147,21,331,139,257
272,Jacksonville St.,OVC,30,13-19,96.4,105.3,0.267,48.7,52.1,20.7,19.5,31.1,25.4,29.1,28.4,49.6,54.3,31.5,32.5,68,-14
,,,,8–10,282,243,272,213,287,294,127,74,64,264,78,160,329,264,134,194,284
273,LIU Brooklyn,NEC,32,15-18,97.4,106.4,0.2647,51.4,50,19,18.7,21.6,31.2,33.4,28.5,51.4,50.3,34.2,33.1,72.7,-13
,,,,9–9,264,266,273,91,203,192,168,331,308,155,79,93,210,118,170,25,270
274,North Carolina A&T,MEAC,31,17-15,92.8,101.4,0.2638,47.1,47.7,20.6,21.4,28.5,30.4,41.4,42,48.4,50.2,29.6,29.2,73.3,-9.9
,,,,12–4,334,160,274,284,90,286,43,154,285,9,328,212,206,328,14,13,209
275,Stetson,ASun,31,16-17,98.1,107.4,0.2604,49.7,50.8,21.9,17.6,30.5,28.5,39.1,31,49.6,49.9,33.3,34.5,63.1,-11.8
,,,,9–7,253,284,275,164,239,326,246,92,195,39,150,160,197,173,250,347,248
RK,TEAM,CONF,G,REC,ADJOE,ADJDE,BARTHAG,EFG%,EFGD%,TOR,TORD,ORB,DRB,FTR,FTRD,2P%,2P%D,3P%,3P%D,ADJ T.,WAB
276,Loyola MD,Pat,31,15-17,100,109.5,0.2603,52.7,50.9,19.1,17.8,25.7,29.8,42.5,32.4,55.2,52.1,32.3,32.6,70.8,-12.7
,,,,7–11,214,314,276,42,244,197,231,247,260,5,188,10,276,217,141,57,263
277,Canisius,MAAC,32,20-Dec,97.3,106.6,0.2601,48.4,51.8,20.4,21.9,29.1,29.3,30.2,35.7,50.1,51.6,30.2,34.8,70,-15.7
,,,,7–13,266,272,277,227,279,272,37,136,236,241,254,138,263,314,266,84,312
278,James Madison,CAA,29,21-Sep,100.3,110,0.2568,48.2,52.7,17.2,15.9,25.8,26,37.2,29.3,48.1,51.8,32.3,35.9,72.5,-15.8
,,,,2–16,211,318,278,236,304,62,326,242,89,64,99,229,269,217,303,29,314
279,Evansville,MVC,31,23-Sep,96.9,106.4,0.2543,48.6,52.8,18.4,17.2,19.9,25.6,32.4,33.3,49.2,52.5,31.9,35.6,67.8,-16
,,,,0–18,272,265,279,217,309,138,275,349,74,183,210,184,293,238,293,207,316
280,UMass Lowell,AE,31,13-19,104.3,114.7,0.2514,51.6,53.3,18.9,18.6,27.6,29.5,38.2,28.8,52.2,54.3,33.7,34.4,70.4,-14.4
,,,,7–9,137,341,280,79,320,181,178,183,249,48,87,62,329,145,244,65,292
281,Portland,WCC,30,23-Sep,94.2,103.6,0.2513,48.6,51.6,19.8,18.2,19.3,30.6,33.5,31.2,47,51,34.4,35,69.1,-14.6
,,,,1–15,315,218,281,217,270,240,206,350,295,152,156,269,244,109,275,128,297
282,Quinnipiac,MAAC,30,15-15,99.5,109.4,0.2512,50.9,48.8,19.9,14.1,27,26.2,28.2,23.6,48.1,46.5,35.7,35.3,68.6,-11.6
,,,,10–10,226,313,282,111,137,248,352,205,95,286,15,229,68,49,285,156,245
283,Weber St.,BSky,29,20-Dec,98.2,108,0.2495,48.7,52.2,17.4,16.6,21.4,28.9,26.5,22.5,50.7,50.3,30.2,37.3,67.3,-13.9
,,,,8–12,251,294,283,213,288,73,302,334,216,315,9,117,210,314,331,231,281
284,Albany,AE,31,14-18,94,103.5,0.2484,48,49.4,19.7,18.3,24.2,25.6,33.7,28.2,47.3,47.7,32.6,34.7,68.5,-13.9
,,,,7–9,322,212,284,244,166,232,200,290,74,144,72,261,97,200,261,167,280
285,Central Arkansas,Slnd,30,21-Oct,97.4,107.3,0.2472,48.5,52.4,23,17.8,28.8,28.9,39.9,34.8,49.8,49.9,31.2,37.8,73.4,-13.6
,,,,9–11,265,280,285,223,296,346,231,146,216,27,237,151,197,280,339,12,276
286,Fairleigh Dickinson,NEC,29,19-Nov,101.8,112.4,0.2419,51.1,52.5,18.5,18,26.5,31.7,29.8,31.9,49.7,52.8,35.7,34.7,68.5,-14.5
,,,,9–9,184,330,286,103,298,146,222,221,317,248,175,156,299,49,261,162,295
287,Columbia,Ivy,29,24-Jun,95.7,105.8,0.2392,46.1,52.3,15.9,16.3,20.1,25.1,22.5,25.7,46.9,53.9,29.8,33.3,69.2,-17.4
,,,,1–13,291,256,287,318,293,23,312,347,52,348,30,273,325,324,182,127,329
288,NJIT,ASun,29,21-Sep,94.6,104.7,0.2379,45.3,50.6,16.4,18.3,25.1,27.3,31.1,33.4,45.1,50,30.4,34.5,66.9,-15
,,,,6–10,310,236,288,337,233,35,200,266,143,216,211,329,201,304,250,247,305
289,Lehigh,Pat,30,21-Nov,97.5,108,0.237,49.7,52.5,19.9,17,25.6,26.8,26.1,32.4,49.4,53.7,33.7,33.9,68.3,-15.4
,,,,7–11,262,292,289,164,298,248,283,251,128,318,188,175,321,145,220,175,309
290,Cal St. Fullerton,BW,29,20-Nov,95.3,105.5,0.2367,47.7,50.1,18.5,18.2,22.8,26.7,37.6,35.4,47.3,49.5,32.2,34.2,69.1,-14
,,,,6–10,299,247,290,262,208,146,206,315,122,55,250,261,179,223,233,130,286
291,Long Beach St.,BW,30,21-Nov,94.3,104.6,0.233,48.2,52.2,22,19.7,24.6,31.2,33.2,29.9,46.2,50.6,35.3,36.4,71.1,-13.2
,,,,6–10,314,234,291,236,288,331,113,281,308,163,120,301,224,63,313,48,271
292,Mount St. Mary's,NEC,31,21-Nov,96.9,107.5,0.2325,46.2,50,17.9,17.3,29.3,27.9,32.6,30.1,45.8,48.1,31.3,35.5,63.2,-16.3
,,,,7–11,271,285,292,315,203,98,268,129,170,174,126,316,127,274,290,345,319
293,North Alabama,ASun,28,13-17,95.1,105.6,0.232,47.9,50,21.4,19.3,27.9,26.3,39.7,40.8,46.6,49.6,33.5,33.8,70,-11.5
,,,,8–8,303,249,293,251,203,317,139,171,98,31,318,289,183,161,214,81,242
294,San Jose St.,MWC,30,24-Jul,96.8,107.5,0.2312,45.2,54.1,18.5,17.6,24.5,30.4,34.1,34.4,45.9,53.6,29.6,36.6,73.2,-14.9
,,,,3–15,274,288,294,340,335,146,246,285,285,135,227,308,317,328,319,14,302
295,North Carolina Central,MEAC,28,18-13,94,104.3,0.2306,50.5,48.5,22.6,22.8,28.5,32.9,35.8,33.7,52.9,50.1,30.9,30.7,66.2,-8.4
,,,,13–3,323,230,295,127,122,340,20,154,334,89,215,45,205,291,49,277,187
296,Idaho St.,BSky,28,22-Aug,100.7,112,0.2279,50,53.8,20.3,16.2,29.2,28.6,35.8,26,49.4,55.5,34.1,32.9,67.1,-16.6
,,,,4–16,207,327,296,151,328,265,315,131,200,89,33,175,344,124,157,240,325
297,Texas Southern,SWAC,31,16-16,98.4,109.7,0.2223,45.9,50.3,21,19.6,31.8,30.4,41.1,34.3,45.9,49.2,30.5,34.9,72.7,-8.9
,,,,12–6,247,315,297,324,222,306,119,59,285,12,225,308,167,302,269,24,195
298,Manhattan,MAAC,31,13-18,92.1,102.8,0.2195,45.7,47.5,20.9,22.3,30.1,30.1,34.1,46,45.3,45.4,30.9,34.5,65.6,-14
,,,,8–12,338,189,298,331,84,303,31,105,273,135,342,325,37,291,250,300,282
299,UNC Asheville,BSth,29,15-16,99,110.6,0.2186,52.5,56.9,16.4,22.5,23,29.4,35.2,38.3,52.2,57.2,35.3,37.4,70.9,-12.5
,,,,8–10,235,320,299,51,350,35,25,309,243,106,294,62,351,63,335,51,259
300,Bethune Cookman,MEAC,27,15-14,94.5,105.6,0.218,46.4,48.3,20.1,20.4,29.6,30.9,37.4,38.8,45.9,51.6,31.7,28,72.9,-10
,,,,10–6,311,252,300,310,114,255,80,118,300,59,298,308,263,254,3,20,214
RK,TEAM,CONF,G,REC,ADJOE,ADJDE,BARTHAG,EFG%,EFGD%,TOR,TORD,ORB,DRB,FTR,FTRD,2P%,2P%D,3P%,3P%D,ADJ T.,WAB
301,Texas A&M Corpus Chris,Slnd,30,14-18,94.5,105.6,0.2178,51.5,48.7,26.6,19.1,30.6,29.1,33.4,41.3,48.4,49.4,37.7,31.6,65.6,-13.7
,,,,10–10,312,253,301,87,130,353,148,89,228,155,322,212,174,13,83,301,277
302,Hampton,BSth,31,15-19,104.9,117.2,0.2176,50.2,53.6,15.7,15.1,27.4,31,41,38.1,50.8,53.4,32.4,36,70.6,-14
,,,,8–10,123,347,302,142,326,19,342,192,302,15,290,114,314,210,305,59,285
303,Middle Tennessee,CUSA,28,23-Aug,97,108.4,0.2173,47.4,54.7,20.5,19.4,27.2,28.2,30.6,39.7,45.9,53.4,33,38.1,69.7,-16.8
,,,,4–14,269,298,303,272,339,278,131,200,182,232,308,308,314,185,344,94,326
304,Detroit,Horz,31,23-Aug,99.7,111.8,0.2118,46.2,53.1,19.1,17,30.8,30.5,32.1,31.8,44.5,52.2,32.3,36.3,69.4,-16.5
,,,,6–12,224,325,304,315,316,197,283,82,290,196,170,341,281,217,308,106,324
305,Troy,SB,29,22-Sep,95.4,107.3,0.2051,46.1,52.3,19.9,20,29.4,29.9,29.2,37.4,45,53,31.7,34.1,69.3,-16.5
,,,,5–15,297,282,305,318,293,248,98,124,265,262,284,331,304,254,230,114,322
306,Grambling St.,SWAC,28,17-15,93,104.7,0.2043,47.6,48.5,20.3,20,28.1,29.2,38.8,36.4,48.6,47.7,30,33.2,68.5,-10.9
,,,,11–7,331,238,306,265,122,265,98,167,232,41,266,205,97,320,177,161,232
307,Denver,Sum,30,24-Jul,94.9,106.9,0.2013,49.1,52,19.3,17.5,20.8,25.3,36.3,38.1,49.5,54.5,32.1,32.4,70.9,-18.1
,,,,3–13,305,275,307,195,285,212,260,340,59,77,290,168,332,229,128,52,336
308,UNC Wilmington,CAA,29,22-Oct,92.2,104,0.2011,45.9,51,18.9,17.9,22.9,29.1,32.5,33,45.2,52.2,31.5,32.8,68.3,-15.9
,,,,5–13,337,221,308,324,249,181,225,312,228,178,200,327,281,264,153,173,315
309,St. Francis NY,NEC,30,13-18,94.1,106.2,0.1996,46.4,49.5,18.2,19.1,27.2,29.1,27.2,36.5,47.7,47.8,29.3,35.3,70.1,-14.3
,,,,7–11,319,263,309,310,173,126,148,200,228,302,267,252,105,334,285,76,289
310,Florida Gulf Coast,ASun,30,22-Oct,91.1,102.9,0.1989,47.2,49.2,23.3,19.9,27.9,30,23,29.9,48,47.7,30.8,34.5,66.1,-16.5
,,,,7–9,341,190,310,281,153,347,105,171,268,344,120,237,97,296,250,280,323
311,Florida A&M,MEAC,27,15-Dec,94.8,107.1,0.1969,45.4,51.5,21.2,21.6,31.2,31.7,38.7,41.2,46.2,54.6,28.4,30.6,68.9,-10
,,,,10–6,308,276,311,335,263,311,40,72,317,44,321,301,333,340,46,138,212
312,Charleston Southern,BSth,30,14-18,95.8,108.6,0.1921,48.4,52.6,18.8,18.6,22.8,30.1,25.3,28.8,48.9,53.8,31.8,33.7,66.9,-13.5
,,,,7–11,290,303,312,227,300,168,178,315,273,330,87,199,324,244,206,250,274
313,Morehead St.,OVC,30,13-19,94.7,107.5,0.1883,47.2,49.7,18.1,17.3,27.9,28.3,31.5,29.2,50.6,50,27.3,32.7,67.3,-14.3
,,,,7–11,309,286,313,281,185,115,268,171,188,207,94,119,201,348,147,230,290
314,Cal Poly,BW,28,23-Jul,95.9,109,0.1869,47.3,52.6,19.1,18.4,22.8,28.6,33.7,43.4,45.5,50.8,34,37.3,68.2,-16.4
,,,,4–12,289,310,314,276,300,197,195,315,200,144,333,318,235,134,331,178,321
315,Fairfield,MAAC,32,20-Dec,89.3,101.5,0.1866,43.1,48.3,21.3,19.4,30.2,26.3,35.9,31.1,43.4,45.9,28.4,35,63.1,-15.4
,,,,8–12,344,162,315,348,114,313,131,102,98,85,154,346,48,340,275,346,308
316,Maine,AE,30,22-Sep,92.9,105.7,0.1855,46.2,49.9,22.9,18.6,28.2,28.4,26.8,32.8,49.3,51.3,28.2,32.1,65.6,-16.1
,,,,5–11,333,254,316,315,200,344,178,161,190,310,197,182,253,343,109,299,317
317,Niagara,MAAC,32,20-Dec,98.9,112.5,0.1852,49.7,52.8,15.8,20.7,17.7,35.8,24.4,27.6,46.2,52.4,37.2,35.6,65.9,-14.6
,,,,9–11,237,331,317,164,309,21,64,352,351,340,60,301,291,25,293,292,298
318,Cleveland St.,Horz,31,21-Nov,92.6,105.5,0.1819,44.5,50,22.2,20.6,32.2,33.1,38.7,39.5,45.1,49.1,28.4,34.2,67.3,-15
,,,,7–11,335,248,318,347,203,334,69,46,337,44,306,329,162,340,233,228,303
319,Idaho,BSky,30,24-Aug,93.7,107.2,0.1751,47.6,51.8,21.1,15.8,24.1,26.3,30.5,29.3,46.8,53.6,33.3,32.7,68.7,-19.1
,,,,4–16,326,279,319,265,279,309,328,291,98,234,99,279,317,173,147,149,341
320,Marist,MAAC,30,23-Jul,90.3,103.4,0.1724,45.9,49.3,20.9,20.6,25.9,25.2,29.7,39.1,42.4,47.7,34.1,34.2,64.9,-20
,,,,6–14,343,211,320,324,160,303,69,238,56,249,303,350,97,124,233,321,345
321,Samford,SC,30,23-Oct,98.5,113,0.1719,48,55.8,20.8,18.2,28.3,33.6,34.9,24.5,46.8,54.8,33.6,38,72.6,-16.1
,,,,4–14,244,334,321,244,346,300,206,160,340,113,25,279,335,155,343,27,318
322,Longwood,BSth,30,14-18,91.4,104.8,0.1714,48.1,51.5,19.3,20.3,22.5,25.1,32.6,35,44.9,50.2,34.4,35.6,68,-14.9
,,,,9–9,340,242,322,241,263,212,84,322,52,174,239,332,206,109,293,198,300
323,New Orleans,Slnd,26,21-Sep,99.9,114.7,0.169,48.4,56.1,20.3,20.6,27.6,34.2,40.3,39.7,48.2,56.7,32.6,36.7,69.6,-15.5
,,,,5–15,218,343,323,227,348,265,69,183,345,25,308,227,349,200,322,97,311
324,USC Upstate,BSth,31,13-20,95.5,110.9,0.1524,47.4,53.5,18,18.9,25.1,29.4,34.2,39.5,47,53.3,32,35.8,69,-15.2
,,,,7–11,295,323,324,272,323,109,157,266,243,133,306,269,312,236,300,135,306
325,Southeastern Louisiana,Slnd,28,23-Aug,93.1,108.1,0.1515,46.8,53.7,22.2,22.3,28,34,31.4,42.5,47.9,56.1,29.9,32.9,71.8,-18.3
,,,,5–15,329,295,325,296,327,334,31,169,342,209,330,242,348,321,157,36,340
RK,TEAM,CONF,G,REC,ADJOE,ADJDE,BARTHAG,EFG%,EFGD%,TOR,TORD,ORB,DRB,FTR,FTRD,2P%,2P%D,3P%,3P%D,ADJ T.,WAB
326,The Citadel,SC,27,24-Jun,95.3,110.7,0.1512,49.6,55,20.2,17.4,20.7,30.7,30.8,28.3,50.6,57.1,32.4,34.8,73.9,-17.6
,,,,0–18,300,321,326,173,342,259,264,342,296,225,76,119,350,210,266,7,332
327,Alcorn St.,SWAC,26,15-15,96.9,112.6,0.1497,47.3,51.4,20.6,18,27.7,28.2,31.1,37.1,44.7,51.6,34.2,34,69.9,-11.1
,,,,11–7,273,332,327,276,261,286,222,181,182,216,280,335,263,118,224,88,236
328,Morgan St.,MEAC,28,15-16,91.8,106.9,0.1479,45.9,47.4,22.6,18.8,33.8,29,40.8,49.3,47.7,47.9,27.9,31.1,69.8,-12.6
,,,,9–7,339,274,328,324,80,340,164,27,222,17,352,252,109,347,61,91,261
329,Presbyterian,BSth,30,22-Oct,97.6,113.8,0.1466,50.2,53.8,21.9,16.9,26.4,27.4,35.7,37.1,50.9,53.1,32.5,36.4,66.8,-17.7
,,,,7–11,258,338,329,142,328,326,288,225,146,93,280,111,307,205,313,256,333
330,SIU Edwardsville,OVC,29,23-Aug,93.1,108.6,0.1447,46.9,51.2,19.8,18.3,27.5,29.7,30.1,40.6,47.1,52,31,33.4,68.9,-18.1
,,,,5–13,330,305,330,291,257,240,200,188,258,242,315,267,272,287,188,137,338
331,Wagner,NEC,28,21-Aug,97.6,114.1,0.1418,46.5,54,19.6,18.7,30.1,29.2,29.6,45.9,46.9,51,30.5,38.9,67.7,-16.4
,,,,5–13,261,339,331,305,332,227,168,105,232,250,341,273,244,302,349,210,320
332,Tennessee Tech,OVC,29,22-Sep,92.9,108.8,0.1409,47.6,53.9,21.6,19.5,28,28.5,21.9,28.5,46.8,53.6,32.4,36.3,67,-17.4
,,,,6–12,332,307,332,265,330,321,127,169,195,351,79,279,317,210,308,243,330
333,Western Illinois,Sum,24,21-May,97.8,114.5,0.1403,48.5,55.7,15.5,15.1,21.2,26.2,21.7,35,44.7,55.1,36.6,37.7,71.4,-16.9
,,,,2–14,255,340,333,223,345,15,342,337,95,353,239,335,340,36,338,44,327
334,Houston Baptist,Slnd,29,25-Apr,103.5,121.3,0.1386,50.3,58.1,21.4,16.7,32.1,32.1,38,36.7,48.3,58.4,36.4,38.4,76.1,-18.1
,,,,4–16,157,352,334,137,352,317,298,50,328,49,272,220,353,38,347,2,337
335,Tennessee Martin,OVC,27,20-Sep,104.5,122.6,0.1368,50.9,58.4,18.5,16.9,30.4,34.4,32.5,28.2,51.4,58.1,33.3,39.2,68.6,-15
,,,,5–13,134,353,335,111,353,146,288,97,348,178,72,93,352,173,352,155,304
336,IUPUI,Horz,30,25-Jul,98.9,116.6,0.1298,47.9,54.4,18.8,17.1,28.7,33.5,32.2,29.5,46.2,53,33.7,37.8,70.6,-19.3
,,,,3–15,239,344,336,251,337,168,280,150,339,191,106,301,304,145,339,58,343
337,Coppin St.,MEAC,31,20-Nov,88.9,105.3,0.1252,46.1,48.6,19.1,19.7,23.6,28.7,32.9,30.2,49.5,47.5,28.1,33.4,73.7,-15.4
,,,,7–9,347,244,337,318,128,197,113,298,208,169,128,168,94,344,188,10,310
338,Binghamton,AE,27,19-Oct,98.9,117.1,0.1252,47.9,53.3,17.7,14.2,25.7,31.6,22.5,30.3,47.2,54.2,32.4,34.6,68.5,-14.9
,,,,4–12,238,346,338,251,320,84,351,247,314,348,131,266,328,210,259,164,301
339,Southeast Missouri St.,OVC,29,24-Jul,95.3,112.9,0.1239,47,54.7,19.7,18.6,25.9,28.9,34.3,34.6,46.4,54.4,32.1,36.9,67.4,-19.2
,,,,3–15,298,333,339,287,339,232,178,238,216,130,233,293,331,229,323,224,342
340,South Carolina St.,MEAC,27,18-Nov,96,114.7,0.1137,46.7,53,20.5,17.6,30.3,28.2,39.7,38.9,48.4,54.6,28.5,33.4,66.9,-14.4
,,,,6–10,287,342,340,301,313,278,246,100,182,31,301,212,333,339,188,249,293
341,Alabama St.,SWAC,32,24-Aug,86.1,103.3,0.1092,44.6,51.3,22.6,20.4,26,29.8,35.7,38.3,44.1,52.3,30.3,32.9,69.4,-17.2
,,,,7–11,349,206,341,346,258,340,80,234,260,93,294,344,284,310,157,107,328
342,Incarnate Word,Slnd,28,22-Sep,92.6,111.7,0.1035,45.7,53,21.9,20.5,27.5,34.1,31.1,36,46.8,53.2,29.1,35,66.1,-17.8
,,,,6–14,336,324,342,331,313,326,78,188,343,216,260,279,309,337,275,283,334
343,High Point,BSth,30,23-Sep,94,113.7,0.1013,45.7,55.6,21.6,17.8,31.2,28.7,40.5,36,44.7,53.2,31.7,38.9,66.4,-18.2
,,,,6–12,320,337,343,331,344,321,231,72,208,22,260,335,309,254,349,268,339
344,Holy Cross,Pat,31,29-Mar,95.6,117,0.0891,49.3,55.9,20.5,15.4,25.3,29.3,24.6,31.4,50.1,55.6,32,37.6,68.3,-24.1
,,,,2–16,294,345,344,190,347,278,337,262,236,337,159,138,346,236,336,171,352
345,Central Connecticut,NEC,30,27-Apr,90.8,113.3,0.0723,44.7,53.4,20.4,18,23.4,33.1,29.3,33.2,41.2,52.1,34.8,36.9,69.6,-21.8
,,,,3–15,342,335,345,345,322,272,222,303,337,259,208,352,276,93,323,99,349
346,Alabama A&M,SWAC,30,22-Aug,86.7,108.6,0.0702,42.4,51.3,18.8,18.2,24.9,26.9,32.7,35.2,42.6,52.7,28.1,32.4,68.1,-17.6
,,,,5–13,348,304,346,351,258,168,206,275,133,173,242,348,296,344,128,191,331
347,Delaware St.,MEAC,30,26-Jun,93.9,117.6,0.0696,47,54,19.8,18.7,26,30,33.5,43.8,47.4,55.3,30.9,34.8,74.5,-23
,,,,4–12,325,348,347,287,332,240,168,234,268,152,335,258,342,291,266,5,351
348,Howard,MEAC,31,29-Apr,94.4,121,0.0544,48.2,53.9,20.7,18.5,25.7,36.9,33.1,34.7,45.9,55,34.7,34.7,70.1,-25.2
,,,,1–15,313,351,348,236,330,294,187,247,353,164,235,308,337,99,261,78,353
349,Arkansas Pine Bluff,SWAC,29,26-Apr,80.1,104.3,0.0462,43.1,48.9,26.2,20.6,27.1,30.7,37.4,46.3,44.6,50.2,26.3,31.1,66.1,-19.9
,,,,3–15,353,228,349,348,139,351,69,204,296,59,343,340,206,350,61,279,344
350,Maryland Eastern Shore,MEAC,31,27-May,82.1,108,0.0411,40.5,51,21.1,20.4,26.2,31,25.7,36.6,42.5,51.3,25,33.7,67.7,-20.8
,,,,4–12,352,293,350,352,249,309,80,231,302,326,269,349,253,352,206,215,347
351,Mississippi Valley St.,SWAC,30,27-Apr,89.2,119,0.0351,43,54,18.2,17.6,23.5,35.9,22.9,36.1,42.2,55.5,29.4,34.1,77.4,-22.2
,,,,3–15,345,349,351,350,332,126,246,300,352,345,263,351,344,331,230,1,350
352,Kennesaw St.,ASun,29,28-Jan,82.2,112.3,0.0269,39.3,55.3,21.7,18.5,25.8,31.2,32.5,30.4,40.2,55,24.8,37.1,68.2,-21.8
,,,,0–16,351,329,352,353,343,324,187,242,308,178,133,353,337,353,327,184,348
353,Chicago St.,WAC,26,25-Apr,85.6,120.4,0.0194,45.5,57.5,26.5,16,20.6,32,42.2,42.5,45.4,55.3,30.4,40.6,69.2,-20
,,,,0–14,350,350,353,334,351,352,321,343,326,8,330,323,342,304,353,122,346
